Name,City,State,Major,Minor/Concentration,Program Link,Faculty Link,Catalog Link,Schedule Link,Note,Mixed Faculty,Undergrad Research?,Affiliate Program
Albion College,Albion,MI,1.0,1.0,https://www.albion.edu/academics/programs/computer-science-major-minor/,https://www.albion.edu/departments/mathematics-and-computer-science/faculty-and-staff/,https://catalog.albion.edu/search_advanced.php?cur_cat_oid=12&ecpage=1&cpage=1&ppage=1&pcpage=1&spage=1&tpage=1&search_database=Search&filter%5Bkeyword%5D=CS&filter%5B3%5D=1&filter%5B31%5D=1,https://www.albion.edu/offices/registrar/course-schedules/,Schedules are Excel,1,,
Albright College,Reading,PA,1.0,0.0,https://www.albright.edu/academics/undergraduate-programs/computer-science,https://www.albright.edu/academics/undergraduate-programs/computer-science#fs-panel-10027,https://www.albright.edu/academics/undergraduate-programs/computer-science#fs-panel-8827,https://selfservice.albright.edu/SELFSERV/Search/Section?&period=2023%2FFALL&department=COMPSCI,,1,,
Allegheny College,Meadville,PA,1.0,1.0,https://allegheny.edu/academics/programs/computer-science/,https://allegheny.edu/about/campus-department-resources/faculty-and-staff-directory/associated-program/computer-science/,https://www.cs.allegheny.edu/teaching/courses/,https://selfservice.allegheny.edu/Student/Courses/Search?subjects=CMPSC,,1,,
Amherst College,Amherst,MA,1.0,0.0,https://www.amherst.edu/academiclife/departments/computer_science,https://www.amherst.edu/academiclife/departments/computer_science/faculty,,https://www.amherst.edu/academiclife/departments/computer_science/courses,,,,
Augustana College,Rock Island,IL,1.0,1.0,https://www.augustana.edu/academics/areas-of-study/computer-science,https://www.augustana.edu/academics/faculty-directory?search=&field_specializations_target_id=All&field_areas_of_study_target_id=231,https://www.augustana.edu/academics/areas-of-study/computer-science/courses,https://selfservice.augustana.edu/Student/Courses/Search?subjects=CSC,,,,
Austin College,Sherman,TX,1.0,1.0,https://www.austincollege.edu/academics/majors-and-minors/computer-science/,https://www.austincollege.edu/academics/majors-and-minors/computer-science/,https://bulletin.austincollege.edu/wp-content/uploads/2020/07/mathematics-computer-science.pdf#cs,https://hopper.austincollege.edu/hlive/webhopper?CONSTITUENCY=WBAP&type=P&pid=ST-XWEBS006,,1,,
Ave Maria University,Ave Maria,FL,1.0,1.0,https://www.avemaria.edu/degree-programs/computer-science,https://www.avemaria.edu/degree-programs/computer-science,https://www.avemaria.edu/academics/programs/computer-science/#required,https://selfservice.avemaria.edu/Search/Section?&keywords=computer%20science,,,,
Bard College,Annandale on Hudson,NY,1.0,0.0,https://cs.bard.edu/,https://cs.bard.edu/faculty/,https://cs.bard.edu/courses/,https://inside.bard.edu/academic/courses/current/computer.html,"Schedule not public. Change ""current"" to ""spring2023"", ""fall2022"", etc.",,,
Barnard College,New York,NY,1.0,1.0,https://cs.barnard.edu/,https://cs.barnard.edu/faculty-and-staff-3,https://cs.barnard.edu/course-catalogue,https://catalog.barnard.edu/barnard-college/courses-instruction/course-search/?department=COMB&pl=0&ph=10&college=BC,,,,
Beloit College,Beloi,WI,1.0,1.0,https://www.beloit.edu/academics/computer-science/,https://www.beloit.edu/academics/computer-science/faculty-staff/,https://www.beloit.edu/academics/computer-science/courses/,https://portal.beloit.edu/ICS/Course_Search/Default_Page.jnz?portlet=Course_Schedules&screen=Advanced+Course+Search,,,,
Berea College,Berea,KY,1.0,1.0,https://www.berea.edu/academics/departments-programs/computer-science,https://www.berea.edu/academics/departments-programs/computer-science/faculty-staff,https://berea.smartcatalogiq.com/en/current/catalog/course-descriptions/csc-computer-science/,https://b9student-prod.berea.edu:8444/StudentRegistrationSsb/ssb/term/termSelection?mode=search,,,,
Bethany College (WV),Bethany,WV,1.0,1.0,https://www.bethanywv.edu/academics/areas-of-study/computer-science/,https://www.bethanywv.edu/academics/areas-of-study/computer-science/,https://catalogue.bethanywv.edu/computer-science,,,,,
Bethany Lutheran College,Mankato,MN,1.0,1.0,https://blc.edu/academics/programs/computer-science-major/,https://blc.edu/academics/programs/computer-science-major/#faculty,https://blc.edu/academics/courses/subjects/computer-science-courses/,https://my.blc.edu/ICS/Portal_Homepage.jnz?portlet=Course_Info_and_Syllabi,Course code is COMS,,,
Bowdoin College,Brunswick,ME,1.0,1.0,https://www.bowdoin.edu/computer-science/,https://www.bowdoin.edu/computer-science/faculty-and-staff/index.html,https://bowdoin-public.courseleaf.com/courses/csci/,https://www.bowdoin.edu/registrar/course-information/index.html,,,,
Bridgewater College,Bridgewater,VA,1.0,1.0,https://www.bridgewater.edu/academics/divisions/mathematics-computer-science/computer-science-major/,https://www.bridgewater.edu/academics/faculty/#filter=.math-computer-science,https://bridgewater.cleancatalog.io/mathematics-computer-science/bachelor-of-science-major/computer-science,https://www.bridgewater.edu/life-at-bridgewater/services-for-students/registrar/,Schedules are Excel,,,
Bryn Athyn College,Bryn Athyn,PA,1.0,0.0,https://brynathyn.edu/department/computer-science-id.html,https://brynathyn.edu/faculty/index.html,https://brynathyn.edu/_media/documents/Current-Course-Catalog.pdf,https://brynathyn.jenzabarcloud.com/GENSRsC.cfm,Interdisciplinary. Catalog is pdf,,,
Bryn Mawr College,Bryn Mawr,PA,1.0,1.0,https://www.brynmawr.edu/inside/academic-information/departments-programs/computer-science,https://www.brynmawr.edu/inside/academic-information/departments-programs/computer-science/faculty-staff,https://www.brynmawr.edu/inside/academic-information/departments-programs/computer-science/courses,https://www.brynmawr.edu/inside/academic-information/registrar/tri-co-course-search/results?semester%5B0%5D=fall_2023&department%5B0%5D=Computer%20Science&college%5B0%5D=bryn_mawr&page=1&per_page=50,Catalog shows courses by semester. Schedule link can show more terms,,,
Bucknell University,Lewisburg,PA,1.0,1.0,https://www.bucknell.edu/academics/college-engineering/majors-departments/computer-science,https://www.bucknell.edu/academics/college-engineering/majors-departments/computer-science/faculty-staff,https://coursecatalog.bucknell.edu/collegeofartsandsciencescurricula/areasofstudy/computersciencecsci/#majorstext,https://pubapps.bucknell.edu/CourseInformation/#/lookup,,,,
Carleton College,Northfield,MN,1.0,0.0,https://www.carleton.edu/computer-science/,https://www.carleton.edu/computer-science/faculty/,,https://www.carleton.edu/catalog/current/search/?subject=CS,,,,
Central College,Pella,IA,1.0,1.0,https://departments.central.edu/cs/,https://departments.central.edu/cs/department-directory/,https://departments.central.edu/cs/courses/,https://central.edu/academics/course-catalog/searchable-schedule/,,,,
Centre College,Danville,KY,1.0,1.0,https://www.centre.edu/academics/majors-minors-programs/computer-science,https://www.centre.edu/about/faculty-staff?type=96&offices=All&programs=1011,https://centre.smartcatalogiq.com/en/catalog-and-handbooks/catalog/course-descriptions/csc-computer-science/,https://centrenet.centre.edu/ICS/icsfs/mm/fa23.pdf?target=32825768-f507-4b50-b04f-ff27355c0a96,Schedule is pdf. Links can be found in https://centrenet.centre.edu/ICS/Academic/Registrars_Office/Calendar.jnz,,,
Claflin University,Orangeburg,SC,1.0,1.0,https://www.claflin.edu/academics-research/schools-departments/school-of-natural-sciences-and-mathematics/department-of-mathematics-computer-science/computer-science,https://www.claflin.edu/academics-research/schools-departments/school-of-natural-sciences-and-mathematics/meet-our-faculty,https://www.claflin.edu/docs/default-source/academic-affairs-student-services/undergraduate-catalog_2021-2023.pdf,https://my.claflin.edu/ics/Portal_Homepage.jnz?portlet=Course_Schedules&screen=Advanced+Course+Search&screenType=next,,,,
Coe College,Cedar Rapids,IA,1.0,0.0,https://www.coe.edu/academics/majors-areas-study/mathematics-computer-science,https://www.coe.edu/academics/majors-areas-study/mathematics-computer-science/faculty,,https://www.coe.edu/application/files/4616/7769/1498/Fall_23_course_schedule_accessible.3.1.23.pdf,Schedule is pdf. Links can be found in https://www.coe.edu/academics/academic-resources/registrar/schedules,,,
Colby College,Waterville,ME,1.0,1.0,https://cs.colby.edu/,https://cs.colby.edu/faculty.php,https://cs.colby.edu/courses.php,https://cs.colby.edu/courses.php,,,,
Colgate University,Colgate,NY,1.0,1.0,https://www.colgate.edu/academics/departments-programs/department-computer-science,https://www.colgate.edu/academics/departments-programs/department-computer-science/faculty-and-staff-computer-science,https://www.colgate.edu/academics/departments-programs/department-computer-science/academic-program,https://www.colgate.edu/academics/course-offerings#/,,,,
College of St Benedict,St. Joseph,MN,1.0,1.0,https://www.csbsju.edu/computer-science,https://www.csbsju.edu/computer-science/faculty,https://www.csbsju.edu/documents/Academic%20Affairs/catalog/2022-2023%20course%20listings/22-23_Computer.pdf,https://registration.csbsju.edu/StudentRegistrationSsb/ssb/term/termSelection?mode=search,,,,
College of the Holy Cross,Worcester,MA,1.0,1.0,https://www.holycross.edu/academics/programs/mathematics-and-computer-science/about#CS,https://www.holycross.edu/academics/faculty/directory?keyword=&department=Mathematics+%26+Computer+Science&type=,https://catalog.holycross.edu/courses/csci/,https://catalog.holycross.edu/course-search/,,1,,
College of Wooster,Wooster,OH,1.0,1.0,https://wooster.edu/area/computer-science/,https://wooster.edu/area/computer-science/,http://csweb.wooster.edu/,https://inside.wooster.edu/registrar/courses/,Schedule not public,,,
Colorado College,Colorado Springs,CO,1.0,0.0,https://www.coloradocollege.edu/academics/dept/mathcs/,https://www.coloradocollege.edu/academics/dept/mathcs/people/faculty.html,https://www.coloradocollege.edu/academics/curriculum/catalog/departmental/computer-science/index.html,https://www.coloradocollege.edu/academics/curriculum/catalog/schedule.html,,1,,
Concordia College,Moorhead,MN,1.0,1.0,https://www.concordiacollege.edu/academics/programs-of-study/offutt-school-of-business/computer-science/,https://www.concordiacollege.edu/academics/programs-of-study/offutt-school-of-business/computer-science/computer-science-faculty/,https://catalog.concordiacollege.edu/undergraduate-course-descriptions/csc/,,Schedule is not publicly available.,1,,
Connecticut College,New London,CT,1.0,1.0,https://www.conncoll.edu/academics/majors-departments-programs/departments/computer-science/,https://www.conncoll.edu/academics/majors-departments-programs/departments/computer-science/faculty--staff/,https://iq2.smartcatalogiq.com/catalogs/connecticut-college/2023-2024/catalog/courses/com-computer-science,https://reg-prod.ec.conncoll.edu/StudentRegistrationSsb/ssb/term/termSelection?mode=search,Change the year in catalog link,,,
Cornell College,Mount Vernon,IA,1.0,1.0,https://www.cornellcollege.edu/computer-science/,https://www.cornellcollege.edu/computer-science/faculty.shtml,https://catalog.cornellcollege.edu/content.php?filter%5B27%5D=CSC&filter%5B29%5D=&filter%5Bkeyword%5D=&filter%5B32%5D=1&filter%5Bcpage%5D=1&cur_cat_oid=13&expand=&navoid=341&search_database=Filter#acalog_template_course_filter,,Block calendar. Schedule not public.,,,
Covenant College,Lookout Mountain,GA,1.0,1.0,https://covenant.edu/academics/cs/index.html,https://covenant.edu/academics/cs/faculty/,https://catalog.covenant.edu/content.php?filter%5B27%5D=COS&filter%5B29%5D=&filter%5Bkeyword%5D=&filter%5B32%5D=1&filter%5Bcpage%5D=1&cur_cat_oid=24&expand=&navoid=562&search_database=Filter#acalog_template_course_filter,https://covenant.edu/academics/records/class-schedules.html,Course schedules are in Google Sheet,,,
Davidson College,Davidson,NC,1.0,1.0,https://www.davidson.edu/academic-departments/mathematics-and-computer-science/computer-science-major-and-minor,https://www.davidson.edu/academic-departments/mathematics-and-computer-science/faculty-staff,http://catalog.davidson.edu/preview_program.php?catoid=25&poid=1628,https://course-schedule.davidson.edu/#/schedule?departments=CSC&limit=100&offset=0&term_code=202301,Change the term_code param to switch semester,1,,
Denison University,Granville,OH,1.0,0.0,https://denison.edu/academics/computer-science,https://denison.edu/academics/computer-science/contacts,https://catalog.denison.edu/catalog/courses-of-study/computer-science/#coursestext,https://banner.denison.edu/StudentRegistrationSsb/ssb/term/termSelection?mode=search,,,,
DePauw University,Greencastle,IN,1.0,1.0,https://www.depauw.edu/academics/departments-programs/computer-science/,https://www.depauw.edu/academics/departments-programs/computer-science/faculty-staff/,https://www.depauw.edu/academics/departments-programs/computer-science/courses-2/courses/,https://my.depauw.edu/e/reg/soc-view/index.asp,Not public,,,
Dickinson College,Carlisle,PA,1.0,1.0,https://www.dickinson.edu/homepage/57/computer_science,https://www.dickinson.edu/homepage/529/computer_science_department_faculty,https://www.dickinson.edu/homepage/155/computer_science_current_courses,https://bannercprod.dickinson.edu/StudentRegistrationSsb/ssb/term/termSelection?mode=search,,,,
Dillard University,New Orleans,LA,1.0,1.0,https://www.dillard.edu/programs/computer-science/,https://dillard.catalog.acalog.com/content.php?catoid=7&navoid=186,http://dillard.catalog.acalog.com/preview_program.php?catoid=7&poid=318&returnto=170,https://mydu.dillard.edu/ICS/Students/Records_and_Registration.jnz?portlet=Course_Schedules&screen=Advanced+Course+Search&screenType=next,No dedicated list of faculty.,,,
Drew University,Madison,NJ,1.0,1.0,https://drew.edu/math-computer-science-department/,https://drew.edu/academics/mathematics/mathematics-computer-science-faculty/,https://drew-undergraduate-catalog.coursedog.com/programs/CMSC,https://selfservice.drew.edu/prod/bwckctlg.p_disp_dyn_ctlg,,,,
Earlham College,Richmond,IN,1.0,1.0,https://earlham.edu/academics/majors-minors-programs/computer-science/,https://earlham.edu/faculty-staff/?department=computer-science&full_name=,https://earlham.edu/academics/course-catalog/,https://ssb.earlham.edu/frog/bwckschd.p_disp_dyn_sched,,,,
East-West University,Chicago,IL,1.0,0.0,https://www.eastwest.edu/academic-programs/computer-information-science,https://www.eastwest.edu/computer-information-science/faculty/,https://www.eastwest.edu/academics/catalog,,Course list in pdf at https://www.eastwest.edu/academics/fall-2022-course-list,,,
Eckerd College,St. Petersburg,FL,1.0,1.0,https://www.eckerd.edu/computer-science/why-computer-science-at-eckerd/,https://www.eckerd.edu/computer-science/faculty/,https://www.eckerd.edu/computer-science/courses/,https://class-schedule.apps2.eckerd.edu/course/search/res/202310/R2/,"202210/R1/ for Autumn, R2 for Fall, 202220/R3 for Winter, 202220/R4 Spring",,,
Emmanuel College,Boston,MA,1.0,0.0,https://www.emmanuel.edu/academics/academic-study/schools/school-business-management/undergraduate-programs/business/computer-science,https://www.emmanuel.edu/academics/emmanuel-directory?field__area_of_interest_depart_target_id=250&field_people_type_target_id=159&field_schools_target_id=All&title=&page=0,,https://ecss.emmanuel.edu/Student/Courses/Search?subjects=COMP,"CS only recently launched, only 1 faculty",,,
Fisk University,Nashville,TN,1.0,1.0,https://www.fisk.edu/academics/nsm/department-of-mathematics-and-computer-science/computer-science/,https://fisk.smartcatalogiq.com/bulletin/undergraduate/directory/faculty/,https://fisk.smartcatalogiq.com/en/bulletin/undergraduate/courses/csci-computer-science/,https://www.fisk.edu/wp-content/uploads/2023/03/FALL-2023-COURSE-OFFERINGS.pdf,Schedule is pdf. No dedicated faculty list,,,
Franklin College,Franklin,IN,1.0,1.0,https://franklincollege.edu/academics/majors/computing/,https://franklincollege.edu/academics/what-to-study/computing/#section9,https://franklincollege.edu/academics/majors/computing/computing-courses/,https://selfservice.franklin.edu/Student/Courses/Search?subjects=COMP,,,,
Franklin & Marshall College,Lancaster,PA,1.0,1.0,https://www.fandm.edu/fields-of-study/computer-science/index.html,https://www.fandm.edu/directory/index.html?search_phrase=computer+science,https://www.fandm.edu/_resources/pdfs/2023-2024%20Catalog.pdf#page=58,https://www.fandm.edu/registrar/index.html,Catalog is pdf. Catalog link can be found on department website. Schedules are pdf,,,
Furman University,Greenville,SC,1.0,1.0,https://www.furman.edu/academics/computer-science/,https://www.furman.edu/academics/computer-science/faculty/,https://catalog.furman.edu/search_advanced.php?cur_cat_oid=24&ecpage=1&cpage=1&ppage=1&pcpage=1&spage=1&tpage=1&search_database=Search&filter%5Bkeyword%5D=CSC&filter%5B3%5D=1&filter%5B31%5D=1,,Change cat_oid to change catalog,,,
Gettysburg College,Gettysburg,PA,1.0,1.0,https://www.gettysburg.edu/academic-programs/computer-science/,https://www.gettysburg.edu/academic-programs/computer-science/faculty/,https://www.gettysburg.edu/academic-programs/computer-science/courses/,https://psinfo1.gettysburg.edu/psc/SA8PROD/EMPLOYEE/HRMS/c/GBC_STUDENT_RECORDS.GBC_GUEST_CLS_SRCH.GBL,,,,
Gordon College,Wenham,MA,1.0,1.0,https://www.gordon.edu/academics/computerscience,https://www.math-cs.gordon.edu/faculty.html,https://catalog.gordon.edu/search_advanced.php?cur_cat_oid=38&search_database=Search&search_db=Search&cpage=1&ecpage=1&ppage=1&spage=1&tpage=1&location=3&filter%5Bkeyword%5D=CPS,https://www.gordon.edu/course_schedules,,,,
Goucher College,Baltimore,MD,1.0,1.0,https://www.goucher.edu/learn/undergraduate-programs/computer-science/,https://www.goucher.edu/learn/undergraduate-programs/computer-science/,https://www.goucher.edu/learn/undergraduate-programs/computer-science/courses,https://hercules.goucher.edu/selfservice/Search/SectionSearch.aspx?sort=CourseId&dept=CS&num=10000,,,,
Grinnell College,Grinnell,IA,1.0,0.0,https://www.grinnell.edu/academics/majors-concentrations/computer-science,https://www.grinnell.edu/profiles/computer-science/faculty,https://www.cs.grinnell.edu/courses/current.html,https://colss-prod.ec.grinnell.edu/Student/Courses/Search?subjects=CSC,Department website at https://www.cs.grinnell.edu/,,,
Gustavus Adolphus College,St. Peter,MN,1.0,1.0,https://gustavus.edu/academics/undergraduate/computer-science/,https://gustavus.edu/academics/departments/mathematics-computer-science-and-statistics/faculty/,https://gustavus.edu/general_catalog/current/academic_bulletin_23_24.pdf#MCS,https://colselfsrvprod.gac.edu/Student/Courses/Search?subjects=MCS,"Faculty link combines math, stat and cs",1,,
Hamilton College,Clinton,NY,1.0,1.0,https://www.hamilton.edu/academics/departments/Computer-Science,https://www.hamilton.edu/academics/departments/Faculty?dept=Computer%20Science,https://hamilton.smartcatalogiq.com/current/college-catalogue/academicprograms/computer-science/computer-science-courses/,,"Schedule not public. Change year to get previous catalogs (exception: 2020-21, not 2020-2021) https://hamilton.smartcatalogiq.com/en/2022-2023/college-catalogue/academicprograms/computer-science/computer-science-courses/",,,
Hampden-Sydney College,Hampden-Sydney,VA,1.0,1.0,https://www.hsc.edu/academics/mathematics-and-computer-science,https://www.hsc.edu/academics/mathematics-and-computer-science/math-and-cs-professors,https://www.hsc.edu/academics/mathematics-and-computer-science/math-and-cs-courses,https://tigerweb.hsc.edu/ICS/Course_Search.jnz?portlet=AddDrop_Courses_2014-08-05T12-46-04-281&screen=Advanced+Course+Search&screenType=next,Faculty is for both Math & CS,1,,
Hanover College,Hanover,IN,1.0,1.0,https://www.hanover.edu/academics/programs/cs/,https://www.hanover.edu/academics/programs/cs/#faculty,https://www.hanover.edu/academics/programs/cs/#courses,https://my.hanover.edu/ICS/Resources/Class__Faculty_Schedules/,Schedule might be out of date,,,
Hartwick College,Oneonta,NY,1.0,1.0,https://www.hartwick.edu/academics/academic-departments/computer-and-information-sciences-department/,https://www.hartwick.edu/academics/computer-science,https://hartwick.smartcatalogiq.com/2023-2024/catalog/course-descriptions/cisc-computer-science/,https://selfservice.hartwick.edu/Student/Courses/Search?subjects=CISC,Change catalog year to see previous catalogs,,,
Harvey Mudd College,Claremont,CA,1.0,1.0,https://www.hmc.edu/cs/,https://www.hmc.edu/cs/faculty-staff/,https://www.hmc.edu/cs/academic-programs/course-descriptions/,https://hyperschedule.io/,,,,
Haverford College,Haverford,PA,1.0,1.0,https://www.haverford.edu/academics/computer-science-major-minor-and-concentration,https://www.haverford.edu/computer-science/faculty-staff,https://catalog.haverford.edu/programs/computer-science/#coursestext,https://www.haverford.edu/academics/results?semester%5B0%5D=fall_2023&department%5B0%5D=Computer%20Science&college%5B0%5D=haverford&page=1&per_page=50,,,,
Hendrix College,Conway,AR,1.0,1.0,https://www.hendrix.edu/mathcs/computerscience/,https://www.hendrix.edu/mathcs/faculty/,https://www.hendrix.edu/Catalog/Academic_Departments_and_Programs/Mathematics_and_Computer_Science/#course-group1,https://hoike.hendrix.edu/courses/#list/2023/0/CSCI/0/0/0/CourseCode/0/20/0,Change year,1,,
Hobart and William Smith College,Geneva,NY,1.0,1.0,https://www.hws.edu/academics/computer-science/default.aspx,https://www.hws.edu/academics/computer-science/faculty-directory.aspx,https://www.hws.edu/catalogue/computer-science.aspx,https://www.hws.edu/images/offices/registrar/docs/FallSchedule.pdf,Math and CS combined. Schedules are in pdf. Spring schedule https://www.hws.edu/images/offices/registrar/docs/SpringSchedule.pdf,1,,
"Holy Cross College at Notre Dame, Indiana",Notre Dame,IN,1.0,1.0,https://www.hcc-nd.edu/computer-science/,https://www.hcc-nd.edu/departments/#1699641558100-44c45a6b-33c4,https://www.hcc-nd.edu/calendar-catalog-and-schedule/,https://www.sis.hcc-nd.edu/fusebox.cfm?fuseaction=CourseCatalog&rpt=1,"No dedicated list of faculty, no titles.",,,
Hope College,Holland,MI,1.0,1.0,https://hope.edu/academics/computer-science/,https://hope.edu/academics/computer-science/faculty-staff.html,https://catalog.hope.edu/content.php?filter%5B27%5D=CSCI&filter%5B29%5D=&filter%5Bkeyword%5D=&filter%5B32%5D=1&filter%5Bcpage%5D=1&cur_cat_oid=6&expand=&navoid=177&search_database=Filter#acalog_template_course_filter,https://hope.edu/academics/computer-science/student-resources/upcoming-courses.html,,,,
Houghton University,Houghton,NY,1.0,0.0,https://www.houghton.edu/math-science/computer-science-major/,https://www.houghton.edu/math-science/,,https://www.houghton.edu/current-students/registrar/houghton-ny-undergraduate-students/course-offerings/,Schedules are pdf.,,,
Illinois College,Jacksonville,IL,1.0,1.0,https://www.ic.edu/computer-science,https://www.ic.edu/computer-science/directory,https://catalog.ic.edu/computer-science,https://connect2.ic.edu/ICS/default.aspx?portlet=Course_Schedules&screen=Advanced+Course+Search&screenType=next,,,,
Johnson C. Smith University,Charlotte,NC,1.0,0.0,https://www.jcsu.edu/academics/undergraduate-program/computer-scienceinformation-systems,,,https://my.jcsu.edu/ICS/Students/Student_Resources/Default_Page.jnz?portlet=AddDrop_Courses&screen=Advanced+Course+Search&screenType=next,No list of faculty found.,,,
Juniata College,Huntingdon,PA,1.0,0.0,https://www.juniata.edu/academics/computer-science/,https://www.juniata.edu/academics/computer-science/computer-science-faculty.php,https://www.juniata.edu/academics/computer-science/computer-science-courses.php,https://selfservice.juniata.edu/Student/Courses/Search?subjects=CS,,,,
Kalamazoo College,Kalamazoo,MI,1.0,1.0,https://computerscience.kzoo.edu/,https://computerscience.kzoo.edu/facultystaff/,https://computerscience.kzoo.edu/requirements/courses/,https://webadvisor.kzoo.edu/WebAdvisor/WebAdvisor?TOKENIDX=1867402756&SS=1&APP=ST,,,,
Knox College,Galesburg,IL,1.0,1.0,https://www.knox.edu/academics/majors-and-minors/computer-science,https://www.knox.edu/academics/majors-and-minors/computer-science/faculty,https://www.knox.edu/academics/majors-and-minors/computer-science/courses,https://www.knox.edu/offices/registrar/course-schedules,,,,
Lafayette College,Easton,PA,1.0,1.0,https://compsci.lafayette.edu/,https://compsci.lafayette.edu/faculty/,https://compsci.lafayette.edu/courses/,https://selfservice.lafayette.edu/StudentRegistrationSsb/ssb/term/termSelection?mode=search,,,,
Lake Forest College,Lake Forest,IL,1.0,1.0,https://www.lakeforest.edu/academics/majors-and-minors/mathematics-and-computer-science,https://www.lakeforest.edu/academics/majors-and-minors/mathematics-and-computer-science/faculty,https://www.lakeforest.edu/academics/majors-and-minors/mathematics-and-computer-science/course-descriptions#csci,https://my.lakeforest.edu/ICS/Course_Schedule_-_Public.jnz?portlet=Class_Schedules_with_Enrollment_Counts,"Schedule is pdf, must be generated: https://my.lakeforest.edu/ICS/Applications/CRM/Reports/5hwsnfyvgzxivolojux55qwn_04_58_56_PM_Course%20Schedule%20-%20Dept.pdf",1,,
Lane College,Jackson,TN,1.0,1.0,https://www.lanecollege.edu/academics/departments/natural-and-physical-science/computer-science,https://www.lanecollege.edu/directory,https://www.lanecollege.edu/academics/course-catalog/computer-science,,Faculty link is for entire school. Pdf catalog available at https://www.lanecollege.edu/academics/academic-catalog,1,,
Lawrence University,Appleton,WI,1.0,1.0,https://www.lawrence.edu/academics/college/computer-science,https://www.lawrence.edu/academics/college/computer-science/faculty,https://www.lawrence.edu/academics/college/computer-science/course-descriptions,https://bannerweb.lawrence.edu/pls/voyager/zwglolib.call_class_schd_from_web_p?p_subj_code=CMSC&p_attr_code=%25,,1,,
Lewis & Clark College,Portland,OR,1.0,1.0,https://college.lclark.edu/departments/mathematical_sciences/computer-science/,https://college.lclark.edu/departments/mathematical_sciences/faculty/,https://docs.lclark.edu/undergraduate/mathematics/#coursestext,,Faculty link includes math. Course schedule not publicly available.,1,,
Linfield University,McMinnville,OR,1.0,1.0,https://www.linfield.edu/programs/computer-science/index.html,https://www.linfield.edu/math/faculty.html,https://catalog.linfield.edu/programs-az/arts-sciences/mathematics/computer-science-major/index.html#requirementstext,https://selfservice.linfield.edu/Student/Courses/Search?subjects=COMP,"Faculty link includes math, doesn't specific computer science",1,,
Luther College,Decorah,IA,1.0,1.0,https://www.luther.edu/academics/computer-science,https://www.luther.edu/academics/computer-science/faculty-staff,https://catalog.luther.edu/departments/51722c60-856c-4900-9a8f-0cc4edb8d62a/courses,https://norsehub.luther.edu/Student/Courses/Search?subjects=CS,,,,
Lycoming College,Williamsport,PA,1.0,1.0,https://www.lycoming.edu/computer-science/,https://www.lycoming.edu/computer-science/faculty.aspx,https://www.lycoming.edu/catalog/mathematical-sciences.aspx,https://collslfsrv-live.lycoming.edu/Student/Courses/Search?subjects=CPTR,,,,
Lyon College,Batesville,AR,1.0,1.0,https://www.lyon.edu/computer-science,https://www.lyon.edu/math-science-faculty,https://www.lyon.edu/computer-science-courses,https://my.lyon.edu/ICS/default.aspx?portlet=AddDrop_Courses&screen=Advanced+Course+Search&screenType=next,,1,,
Macalester College,St. Paul,MN,1.0,1.0,https://www.macalester.edu/mscs/,https://www.macalester.edu/mscs/facultystaff/,https://www.macalester.edu/mscs/courses/,https://www.macalester.edu/mscs/schedules/computer_science/,,1,,
Maryville College,Maryville,TN,1.0,1.0,https://www.maryvillecollege.edu/academics/programs-of-study/computer-science/,https://www.maryvillecollege.edu/academics/programs-of-study/computer-science/,https://www.maryvillecollege.edu/news/smart_catalog_prog/computer-science-b-a/,https://www.maryvillecollege.edu/academics/registrar/course-schedules/,Schedule in pdf,,,
Medgar Evers College--CUNY,Brooklyn,NY,1.0,1.0,https://www.mec.cuny.edu/academic-affairs/physics-and-computer-science/,https://mec.catalog.cuny.edu/departments/PCS-MEC/faculty,https://mec.catalog.cuny.edu/departments/PCS-MEC/courses,,Schedule not public. Faculty link contains physics and doesn't specify area.,,,
Meredith College,Raleigh,NC,1.0,1.0,https://www.meredith.edu/computer-science/,https://www.meredith.edu/computer-science/computer-science-faculty-staff/,https://catalog.meredith.edu/classes?program_id=1820,https://mcis.meredith.edu/Student/Courses/Search?subjects=CS,,1,,
Middlebury College,Middlebury,VT,1.0,1.0,https://www.middlebury.edu/college/academics/computer-science,https://www.middlebury.edu/college/academics/computer-science/faculty-and-staff,https://www.middlebury.edu/college/academics/computer-science/courses,https://catalog.middlebury.edu/offerings/search/catalog-MCUG,,,,
Monmouth College,Monmouth,IL,1.0,1.0,https://www.monmouthcollege.edu/academics/computer-science/,https://www.monmouthcollege.edu/academics/computer-science/faculty/,https://www.monmouthcollege.edu/academics/computer-science/courses/,https://prog.monmouthcollege.edu/acad/regist/secrosters/,,1,,
Morehouse College,Atlanta,GA,1.0,0.0,https://morehouse.edu/academics/majors/computer-science/,https://morehouse.edu/academics/majors/computer-science/,https://morehouse.edu/academics/majors/computer-science/,https://ssb-prod.ec.morehouse.edu/MC/bwckschd.p_disp_dyn_sched,,,,
Mount Holyoke College,South Hadley,MA,1.0,1.0,https://www.mtholyoke.edu/academics/find-your-program/computer-science,https://www.mtholyoke.edu/directory/faculty-staff?type=5&department=199,http://catalog.mtholyoke.edu/courses/comsc/,https://wadv1.mtholyoke.edu/wadvg/mhc?TYPE=P&PID=ST-XWSTS12A,,,,
Muhlenberg College,Allentown,PA,1.0,1.0,https://www.muhlenberg.edu/academics/mathcs/computerscience/,https://www.muhlenberg.edu/academics/mathcs/computerscience/,https://www.muhlenberg.edu/academics/mathcs/computerscience/courses/,https://www.muhlenberg.edu/courseofferings/index.php,,1,,
New College of Florida,Sarasota,FL,1.0,0.0,https://www.ncf.edu/programs/computer-science/,https://catalog.ncf.edu/undergraduate/natural-sciences/computer-science/#facultytext,https://catalog.ncf.edu/undergraduate/natural-sciences/computer-science/#requirementstext,https://newcleis.ncf.edu/pls/ncpo/bwckschd.p_disp_dyn_sched,,,,
Oakwood University,Huntsville,AL,1.0,1.0,https://oakwood.edu/academic-experience/school-of-arts-sciences/math-computer-sciences/,https://oakwood.edu/academic-experience/school-of-arts-sciences/math-computer-sciences/,https://www2.oakwood.edu/wp-content/uploads/2021-22-OU-Fall-Course-ScheduleF.pdf,,Catalog is pdf. Faculty title not listed.,,,
Oberlin College,Oberlin,OH,1.0,1.0,https://www.oberlin.edu/arts-and-sciences/departments/computer-science,https://www.oberlin.edu/arts-and-sciences/departments/computer-science/faculty-list,https://catalog.oberlin.edu/content.php?filter%5B27%5D=CSCI&navoid=4432#acalog_template_course_filter,https://banner.cc.oberlin.edu/StudentRegistrationSsb/ssb/term/termSelection?mode=search,,,,
Occidental College,Los Angeles,CA,1.0,1.0,https://www.oxy.edu/academics/areas-study/computer-science,https://www.oxy.edu/academics/areas-study/computer-science/faculty,https://www.oxy.edu/academics/areas-study/computer-science/courses,https://counts.oxy.edu/public/default.aspx,,1,,
Ohio Wesleyan University,Delaware,OH,1.0,1.0,https://www.owu.edu/academics/departments-programs/department-of-mathematics-and-computer-science/computer-science-general-major/,https://www.owu.edu/academics/departments-programs/department-of-mathematics-and-computer-science/faculty-staff/,https://catalog.owu.edu/content.php?filter[27]=CS&cur_cat_oid=33&navoid=843#acalog_template_course_filter,,Schedule not publicly available,1,,
Ouachita Baptist University,Arkadelphia,AR,1.0,0.0,https://obu.edu/mathcs/index.php,https://obu.edu/mathcs/faculty.php,,https://obu.edu/academics/courseschedule.php,"Only 1 CS faculty, but title is not full.",1,,
Pomona College,Claremont,CA,1.0,1.0,https://www.pomona.edu/academics/departments/computer-science,https://www.pomona.edu/academics/departments/computer-science/faculty-staff,https://catalog.westminster.edu/content.php?filter%5B27%5D=CS&navoid=180#acalog_template_course_filter,https://hyperschedule.io/,,,,
Presbyterian College,Clinton,SC,1.0,1.0,https://www.presby.edu/programs/computer-science/,https://www.presby.edu/programs/computer-science/,https://www.presby.edu/doc/registrar/25.26-AcademicCatalog.pdf,https://banners.presby.edu/prod/hzskschd.P_SelectSubject,,,,
Principia College,Elsah,IL,1.0,1.0,https://www.principiacollege.edu/academics/majors/computer-science,https://www.principiacollege.edu/academics/majors/computer-science,http://catalog.principiacollege.edu/courses-instruction/courses/csci/,,Faculty list does not contain title,,,
Randolph College,Lynchburg,VA,1.0,1.0,https://www.randolphcollege.edu/computer-science/,https://www.randolphcollege.edu/computer-science/,https://www.randolphcollege.edu/registrar/catalog/,,Catalog is pdf. Schedule not public,,,
Randolph-Macon College,Ashland,VA,1.0,1.0,https://www.rmc.edu/academics/areas-of-study/computer-science/,https://www.rmc.edu/about-rmc/college-leadership/offices-departments/computer-science-department/,https://rmc-public.courseleaf.com/programs/computer-science/#coursestext,https://mymaconweb.rmc.edu/m/d/m/5c62616e-9463-484d-8fd8-180250661411/CourseSearch/SearchResults?termcode=2023;22&title=&code=&department=CSCI&faculty=&campus=&additional=&openseats=OpenFull&add=T,"Change term to ;22 for Fall, ;42 for Spring",,,
Reed College,Portland,OR,1.0,1.0,https://www.reed.edu/computer-science/,https://www.reed.edu/computer-science/faculty.html,https://www.reed.edu/computer-science/courses.html,https://solar.reed.edu/class_schedule/,Schedule not public,,,
Rhodes College,Memphis,TN,1.0,1.0,https://www.rhodes.edu/academics/majors-minors/computer-science,https://www.cs.rhodes.edu/people/faculty.html,https://catalog.rhodes.edu/courses#computer-science,,Schedule not public,,,
Roanoke College,Salem,VA,1.0,1.0,https://www.roanoke.edu/majors/computerscience,https://www.roanoke.edu/inside/math_cs_and_physics/computer_science/computer_science_faculty,https://www.roanoke.edu/inside/math_cs_and_physics/computer_science/courses/course_descriptions,https://selfservice.roanoke.edu/Student/Courses/Search?subjects=CPSC,,,,
Saint Anselm College,Manchester,NH,1.0,1.0,https://www.anselm.edu/academics/departments-programs/computer-science,https://www.anselm.edu/academics/departments-programs/computer-science/faculty-staff,http://catalog.anselm.edu/content.php?filter%5B27%5D=CS&filter%5B29%5D=&filter%5Bkeyword%5D=&filter%5B32%5D=1&filter%5Bcpage%5D=1&cur_cat_oid=12&expand=&navoid=416&search_database=Filter&filter%5Bexact_match%5D=1#acalog_template_course_filter,,Schedule not public,,,
Saint Michael's College,Colchester,VT,1.0,1.0,https://www.smcvt.edu/academics/majors-minors-and-curriculum/computer-science/,https://www.smcvt.edu/academics/majors-minors-and-curriculum/computer-science/,https://catalog.smcvt.edu/content.php?filter%5B27%5D=CS&filter%5B29%5D=&filter%5Bkeyword%5D=&filter%5B32%5D=1&filter%5Bcpage%5D=1&cur_cat_oid=38&expand=&navoid=866&search_database=Filter#acalog_template_course_filter,https://selfservice.smcvt.edu/Student/Courses/Search?subjects=CS,,,,
Saint Vincent College,Latrobe,PA,1.0,1.0,https://cis.stvincent.edu/cis/index/index.php,https://cis.stvincent.edu/cis/DeptInfo/FacultyMenu.php,https://cis.stvincent.edu/cis/DeptInfo/CourseDescriptions.php,https://selfservice.stvincent.edu/Student/Courses/Search?subjects=CS,Faculty titles not listed,,,
Sarah Lawrence College,Bronxville,NY,1.0,0.0,https://www.sarahlawrence.edu/undergraduate/science-mathematics/computer-science/,https://www.sarahlawrence.edu/undergraduate/science-mathematics/computer-science/faculty.html,https://www.sarahlawrence.edu/undergraduate/science-mathematics/computer-science/,https://my.slc.edu/ICS/Academics/Course_Schedules/UG_Full_Year_Course_Schedule_New.jnz,Faculty titles not listed,,,
Skidmore College,Saratoga Springs,NY,1.0,1.0,https://www.skidmore.edu/computer_science/index.php,https://www.skidmore.edu/computer-science/faculty/index.php,https://catalog.skidmore.edu/departments-programs/computer-science/#coursestext,https://bannerxe.skidmore.edu/StudentRegistrationSsb/ssb/term/termSelection?mode=search,,,,
Smith College,Northampton,MA,1.0,1.0,https://www.smith.edu/academics/computer-science,https://www.smith.edu/academics/computer-science,https://catalog.smith.edu/course-descriptions/csc/,https://www.smith.edu/academics/programs-courses/course-search,,,,
Southern Virginia University,Buena Vista,VA,1.0,1.0,https://svu.edu/academics/majors-minors/computer-science/,https://svu.edu/academics/majors-minors/computer-science/,https://catalog.svu.edu/courses/computer-science/,https://my.svu.edu/ics/Student_Stuff/,,,,
Southwestern University,Georgetown,TX,1.0,1.0,https://www.southwestern.edu/computer-science/,https://www.southwestern.edu/computer-science/our-faculty/,https://www.southwestern.edu/computer-science/courses/,https://selfservice.southwestern.edu/Student/Courses/Search?subjects=CSC54,,1,,
Spelman College,Atlanta,GA,1.0,1.0,https://www.spelman.edu/academics/majors-and-programs/computer-and-information-sciences,https://www.spelman.edu/academics/majors-and-programs/computer-and-information-sciences/faculty,https://www.spelman.edu/academics/majors-and-programs/computer-and-information-sciences/major-requirements,https://ssb-prod.ec.spelman.edu/PROD/bwckschd.p_disp_dyn_sched,,,,
St. Lawrence University,Canton,NY,1.0,1.0,https://www.stlawu.edu/academics/programs/computer-science,https://www.stlawu.edu/offices/math-computer-science-and-statistics/staff,https://www.stlawu.edu/offices/math-computer-science-and-statistics/course-descriptions-and-current-schedules/computer-science-course-listings,https://www.stlawu.edu/offices/math-computer-science-and-statistics/current-courses-spring-2023,"Faculty link mixes math, cs, stat. Schedule is static",1,,
St. Mary's College of Maryland,St. Mary's City,MD,1.0,1.0,https://www.smcm.edu/mathcs/,https://inside.smcm.edu/directory/mathcs,https://catalog.smcm.edu/content.php?filter%5B27%5D=COSC&filter%5B29%5D=&filter%5Bkeyword%5D=&filter%5B32%5D=1&filter%5Bcpage%5D=1&cur_cat_oid=2&expand=&navoid=45&search_database=Filter#acalog_template_course_filter#content,https://seahawks.smcm.edu/ICS/Home.jnz?portlet=AddDrop_Courses&screen=Advanced+Course+Search&screenType=next,,,,
St. Norbert College,De Pere,WI,1.0,1.0,https://www.snc.edu/academics/natural-sciences/computer-science/,https://www.snc.edu/academics/natural-sciences/computer-science/,https://www.snc.edu/academics/natural-sciences/computer-science/course-offerings.html,https://cwismgmt01.snc.edu:9420/CWIS8P/sncbwckschd.p_disp_dyn_sched,,1,,
St. Olaf College,Northfield,MN,1.0,0.0,https://wp.stolaf.edu/cs/,https://wp.stolaf.edu/cs/faculty-staff/,https://catalog.stolaf.edu/academic-programs/computer-science/#coursestext,https://sis.stolaf.edu/sis/public-aclasslab.cfm,"Titles contain Math, Stat and CS. URL can be mixed in.",1,,
Stonehill College,Easton,MA,1.0,1.0,https://www.stonehill.edu/programs/computer-science/,https://www.stonehill.edu/programs/computer-science/faculty/,https://www.stonehill.edu/programs/computer-science/courses/,https://xessb.stonehill.edu/StudentRegistrationSsb/ssb/term/termSelection?mode=search,Current year schedule also available at https://web.stonehill.edu/compsci/FallSchedule.htm and https://web.stonehill.edu/compsci/SpringSchedule.htm,,,
Susquehanna University,Selinsgrove,PA,1.0,1.0,https://www.susqu.edu/academics/majors-and-minors/department-of-mathematics-and-computer-science/computer-science/,https://www.susqu.edu/academics/majors-and-minors/department-of-mathematics-and-computer-science/computer-science/,https://www.susqu.edu/academics/majors-and-minors/department-of-mathematics-and-computer-science/computer-science/,https://su-ss-live.susqu.edu/Student/Courses/Search?subjects=CSCI,Faculty mixes math and cs,,,
Swarthmore College,Swarthmore,PA,1.0,1.0,https://www.swarthmore.edu/computer-science,https://www.swarthmore.edu/computer-science/faculty-staff,https://www.swarthmore.edu/computer-science/course-descriptions,https://studentregistration.swarthmore.edu/StudentRegistrationSsb/ssb/term/termSelection?mode=search,,,,
Tougaloo College,Tougaloo,MS,1.0,1.0,https://www.tougaloo.edu/academics/divisions/natural-science/mathematics-computer-science-department,https://www.tougaloo.edu/academics/divisions/natural-science/mathematics-computer-science-department/,https://www.tougaloo.edu/computer-science-major-0,https://theloo.tougaloo.edu/ICS/Academics/Academics_Homepage.jnz?portlet=AddDrop_Courses&screen=Advanced+Course+Search&screenType=next,,,,
Transylvania University,Lexington,KY,1.0,1.0,https://www.transy.edu/academics/program/computer-science/,https://www.transy.edu/academics/program/computer-science/computer-science-faculty/,http://catalog.transy.edu/content.php?filter%5B27%5D=CS&filter%5B29%5D=&filter%5Bkeyword%5D=&filter%5B32%5D=1&filter%5Bcpage%5D=1&cur_cat_oid=3&expand=&navoid=97&search_database=Filter&filter%5Bexact_match%5D=1#acalog_template_course_filter,https://selfserv.transy.edu/Student/Courses/Search?subjects=CS,,,,
Trinity College,Hartford,CT,1.0,1.0,https://www.trincoll.edu/cs/,https://www.trincoll.edu/cs/faculty-and-staff/,https://www.trincoll.edu/cs/course-descriptions/,https://www.trincoll.edu/cs/course-schedule/,,,,
Trinity University,San Antonio,TX,1.0,1.0,https://www.trinity.edu/academics/departments/computer-science,https://www.trinity.edu/academics/departments/computer-science/computer-science-bs#faculty,https://www.trinity.edu/academics/cosb/csci#courses,,Schedule not public,,,
Union College (NY),Schenectady,NY,1.0,1.0,https://www.union.edu/computer-science,https://www.union.edu/faculty-staff/computer-science,https://www.union.edu/computer-science/courses-requirements,https://selfservice.union.edu/Student/Courses/Search?subjects=CSC,,,,
University of Mary Washington,Fredericksburg,VA,1.0,1.0,https://cas.umw.edu/computerscience/,https://cas.umw.edu/computerscience/computer-science-faculty/,https://catalog.umw.edu/undergraduate/course-descriptions/cpsc/,https://reg-prod.ec.umw.edu/StudentRegistrationSsb/ssb/term/termSelection?mode=search,,,,
University of Minnesota Morris,Morris,MN,1.0,1.0,https://morris.umn.edu/academics/computer-science,https://morris.umn.edu/academics/computer-science,https://umm.catalog.prod.coursedog.com/courses?subjectCode=CSCI&page=1&cq=,http://z.umn.edu/publicclasssearch,,,,
University of North Carolina Asheville,Asheville,NC,1.0,1.0,https://www.unca.edu/programs/computer-science/,https://go.unca.edu/cs/,https://catalog.unca.edu/content.php?filter%5B27%5D=CSCI&filter%5B29%5D=&filter%5Bcourse_type%5D=-1&filter%5Bkeyword%5D=&filter%5B32%5D=1&filter%5Bcpage%5D=1&cur_cat_oid=20&expand=&navoid=1206&search_database=Filter&filter%5Bexact_match%5D=1#acalog_template_course_filter,https://www.unca.edu/schedules/,API: https://meteor.unca.edu/registrar/class-schedules/api/v1/courses/2023/fall,,,
University of Puget Sound,Tacoma,WA,1.0,1.0,https://www.pugetsound.edu/academics/computer-science,https://www.pugetsound.edu/academics/computer-science/faculty,https://www.pugetsound.edu/academics/computer-science/courses,https://campus.pugetsound.edu/psc/PUBLIC/EMPLOYEE/CAMPPUB/c/COMMUNITY_ACCESS.CLASS_SEARCH.GBL,Faculty mixes CS and Math,1,,
University of Richmond,Richmond,VA,1.0,1.0,https://cs.richmond.edu/,https://cs.richmond.edu/faculty/index.html,https://cs.richmond.edu/Academics/courses/index.html,https://richmond.app.box.com/s/76rltos9mgu9pjnte2u669ex0ff24ejq,,,,
The University of the South,Sewanee,TN,1.0,1.0,https://new.sewanee.edu/programs-of-study/math-cs/,https://new.sewanee.edu/programs-of-study/math-cs/faculty-staff/,http://e-catalog.sewanee.edu/arts-sciences/departments-interdisciplinary-programs/mathematics-computer-science/#coursestext,https://registrar.sewanee.edu/schedule/?term=easter&school=college-of-arts-sciences-2&subject=computer-science&track=,Change term to easter/advent,,,
University of Virginia--Wise,Wise,VA,1.0,1.0,https://www.uvawise.edu/academics/majors-minors/computer-science,https://www.uvawise.edu/academics/departments/mathematics-computer-science/mathematics-computer-science-faculty-staff,https://view.publitas.com/university-of-virginias-college-at-wise/college-catalog-2023-2024/page/202-203,https://my.uvawise.edu/ICS/Course_Search/Default_Page.jnz?portlet=Course_Schedules&screen=Advanced+Course+Search&screenType=next,,,,
Ursinus College,Collegeville,PA,1.0,1.0,https://www.ursinus.edu/academics/mathematics-computer-science-and-statistics/,https://www.ursinus.edu/academics/mathematics-computer-science-and-statistics/faculty-and-staff/,https://www.ursinus.edu/academics/mathematics-computer-science-and-statistics/courses/,https://selfservice.ursinus.edu/Student/Courses/Search?subjects=CS,Faculty mixes CS and Math,1,,
Vassar College,Poughkeepsie,NY,1.0,0.0,https://www.vassar.edu/computerscience,https://www.vassar.edu/computerscience/faculty,https://go.vassar.edu/cmpu-department,https://aisapps.vassar.edu/cgi-bin/geninfo.cgi,Newer schedule search at: https://schedulebrewer.vassar.edu/. Current schedule also available at https://www.cs.vassar.edu/courses/top,,,
Virginia Wesleyan University,Virginia Beach,VA,1.0,1.0,https://www.vwu.edu/academics/majors/computer-science/,https://www.vwu.edu/academics/majors/computer-science/meet-the-faculty.php,https://www.vwu.edu/academics/majors/computer-science/courses-cs.php,https://webadvisor.vwu.edu/WebAdvisor/WebAdvisor?TOKENIDX=2841505196&CONSTITUENCY=WBAP&type=P&pid=ST-XWESTS12AV3,,,,
Wabash College,Crawfordsville,IN,1.0,1.0,https://www.wabash.edu/academics/computer_science,https://www.wabash.edu/academics/computer_science/facstaff,https://bulletin.wabash.edu/programsaz/computer-science/#coursestext,https://www.wabash.edu/registrar/home.cfm?pages_id=21&formstatus=filter&term=24%2FSP&dept=CSC&search=,Schedule also available at https://webservice.wabash.edu/Student/Courses/Search?subjects=CSC,1,,
Wartburg College,Waverly,IA,1.0,1.0,https://www.wartburg.edu/computer-science/,https://www.wartburg.edu/academics/mcsp-faculty/,https://catalog.wartburg.edu/content.php?filter%5B27%5D=CS&filter%5B29%5D=&filter%5Bkeyword%5D=&filter%5B32%5D=1&filter%5Bcpage%5D=1&cur_cat_oid=14&expand=&navoid=833&search_database=Filter#acalog_template_course_filter,https://www.wartburg.edu/course-finder/,,,,
Washington and Lee University,Lexington,VA,1.0,1.0,https://www.wlu.edu/computer-science-department,https://www.wlu.edu/computer-science-department/faculty-and-staff,https://catalog.wlu.edu/content.php?navoid=3465,http://managementtools4.wlu.edu/CourseOfferings/?AP=2023-2024%20Undergraduate%20Fall&SUBJ=CSCI,Schedule also available at https://my.wlu.edu/computer-science-department/about-the-department/course-offerings,,,
Washington College,Chestertown,MD,1.0,1.0,https://www.washcoll.edu/academic_departments/math-and-computer-science/index.php,https://www.washcoll.edu/academics/departments/math-comp-sci/faculty.php,https://www.washcoll.edu/academic_departments/math-and-computer-science/course-descriptions.php,https://www.washcoll.edu/people_departments/offices/registrar/course-schedule.php,Schedules are pdf,1,,
Washington & Jefferson College,Washington,PA,1.0,0.0,https://www.washjeff.edu/programs/computing-and-information-studies-cis/,https://www.washjeff.edu/programs/computing-and-information-studies-cis/,https://www.washjeff.edu/files/computing-and-information-studies/,https://jaysource.washjeff.edu/Student/Courses/Search?subjects=CIS,,,,
Wellesley College,Wellesley,MA,1.0,1.0,https://www.wellesley.edu/cs,https://www.wellesley.edu/cs/faculty,https://www.wellesley.edu/cs/curriculum/coursewebsites,https://www.wellesley.edu/cs/curriculum/current,,,,
Wesleyan University,Middletown,CT,1.0,1.0,https://www.wesleyan.edu/mathcs/cs/index.html,https://www.wesleyan.edu/mathcs/cs/faculty.html,https://www.wesleyan.edu/mathcs/cs/regular_courses.html,https://owaprod-pub.wesleyan.edu/reg/!wesmaps_page.html?crse_list=COMP&offered=Y#fall,,,,
Westminster College (PA),Fulton,MO,1.0,1.0,https://www.westminster.edu/academics/schools/physical-mathematical/math-cs/index.cfm,https://www.westminster.edu/academics/schools/physical-mathematical/math-cs/faculty.cfm,https://catalog.westminster.edu/content.php?filter%5B27%5D=CS&navoid=180#acalog_template_course_filter,https://www.westminster.edu/academics/course-schedule.cfm?year=2324&term=10&ip=&subject=CS&term_subterm=,Schedule needs to be filtered,1,,
Westmont College,Santa Barbara,CA,1.0,0.0,https://www.westmont.edu/computer-science,https://www.westmont.edu/faculty,https://www.westmont.edu/computer-science,https://waypoint.westmont.edu/Student/Courses/Search?subjects=CS,Faculty list doesn't have title. Course schedule not available to the public.,,,
Wheaton College (IL),Wheaton,IL,1.0,1.0,https://www.wheaton.edu/academics/programs/computer-science/,https://www.wheaton.edu/academics/departments/mathematics-and-computer-science/computerscience/faculty/,https://www.wheaton.edu/academics/departments/computerscience/curriculum/course-sequence-in-table-format/,https://www.wheaton.edu/media/registrar/schedule/2023-Fall-Registration-Packet_August042023.pdf,Course offering is in PDF,,,
Wheaton College (MA),Norton,MA,1.0,1.0,https://wheatoncollege.edu/academics/programs/computer-science/,https://departments.wheatoncollege.edu/faculty/,https://catalog.wheatoncollege.edu/content.php?filter%5B27%5D=COMP&navoid=412#acalog_template_course_filter,https://banprodselfservice.wheatonma.edu:7341/StudentRegistrationSsb/ssb/term/termSelection?mode=search,Faculty listing is on the same site as program overview; catalog link leads to cs major requirements,,,
Whitman College,Walla Walla,WA,1.0,0.0,https://www.whitman.edu/academics/majors-and-minors/computer-science,https://www.whitman.edu/academics/majors-and-minors/computer-science/faculty-and-staff,"https://www.whitman.edu/academics/majors-and-minors/computer-science#:~:text=Courses-,In,-Computer%20Science",https://selfservice.whitman.edu/Student/Courses/Search?subjects=CS,"Course list is not shown in full initially, need to manually click load more button",,,
Willamette University,Salem,OR,1.0,1.0,https://willamette.edu/academics/college/computer-science/,https://willamette.edu/academics/computing/faculty,https://willamette.edu/undergraduate/computer-science/info/courses/index.html,https://collslfsrv.willamette.edu/Student/Courses/Search?subjects=CS,,,,
Williams College,Williamstown,MA,1.0,0.0,https://csci.williams.edu/,https://csci.williams.edu/people/faculty/,https://catalog.williams.edu/pdf/csci.pdf,https://catalog.williams.edu/csci/list/?strm=9999&sbattr=&req_year=24&offered=A,Course catalog is available in PDF format,,,
Wittenberg University,Springfield,OH,1.0,1.0,https://www.wittenberg.edu/academics/computerscience/courses-requirements,https://www.wittenberg.edu/academics/computer-science/faculty-staff,https://www.wittenberg.edu/sites/default/files/media/registrar/CATALOG2023-24.pdf#page=192,https://selfservice.wittenberg.edu/Student/Courses/Search?subjects=COMP,Course offering is available as a search tool,,,
Wofford College,Spartanburg,SC,1.0,1.0,https://www.wofford.edu/academics/majors-and-programs/computer-science,https://www.wofford.edu/academics/majors-and-programs/computer-science/faculty-and-staff,http://catalog.wofford.edu/courses-programs-departments/computer-science/#coursestext,https://connect.wofford.edu/myWofford/registrar/courseSchedule.aspx,Course offering available in PDF format (along with courses from other departments),,,