name,title,college,url
Mark E. Bollman,Professor,Albion College,https://www.albion.edu/bio/mark-e-bollman/
Tim Clark,Associate Professor,Albion College,https://www.albion.edu/bio/tim-clark/
April Grow,Lecturer,Albion College,https://www.albion.edu/bio/april-grow/
Christopher Grow,Visiting Instructor,Albion College,https://www.albion.edu/bio/christopher-grow/
Mauricio Marengoni,Associate Professor,Albion College,https://www.albion.edu/bio/mauricio-marengoni/
Darren E. Mason,Professor,Albion College,https://www.albion.edu/bio/darren-e-mason/
David A. Reimann,Professor,Albion College,https://www.albion.edu/bio/david-a-reimann/
Yuming Zhang,Assistant Professor,Albion College,https://www.albion.edu/bio/yuming-zhang/
Don Baldridge,Assistant Professor,Albright College,
Dave Kaul,Assistant Professor,Albright College,
David Kopec,Professor,Albright College,
Oliver Bonham-Carter,Associate Professor,Allegheny College,https://allegheny.edu/about/campus-department-resources/faculty-and-staff-directory/oliver-bonham-carter/
Janyl Jumadinova,Associate Professor,Allegheny College,https://allegheny.edu/about/campus-department-resources/faculty-and-staff-directory/janyl-jumadinova/
Gregory Kapfhammer,Associate Professor,Allegheny College,https://allegheny.edu/about/campus-department-resources/faculty-and-staff-directory/gregory-kapfhammer/
Douglas Luman,Assistant Professor,Allegheny College,https://allegheny.edu/about/campus-department-resources/faculty-and-staff-directory/douglas-luman/
Scott P. Alfeld,Associate Professor,Amherst College,https://www.amherst.edu/people/facstaff/salfeld
Kristy Gardner,Associate Professor,Amherst College,https://www.amherst.edu/people/facstaff/kgardner
Scott F. Kaplan,Professor,Amherst College,https://www.amherst.edu/people/facstaff/sfkaplan
Myroslav Kryven,Assistant Professor,Amherst College,https://www.amherst.edu/people/facstaff/mkryven
Lillian C. Pentecost,Assistant Professor,Amherst College,https://www.amherst.edu/people/facstaff/lpentecost
John E. Rager,Professor,Amherst College,https://www.amherst.edu/people/facstaff/jerager
Matteo Riondato,Associate Professor,Amherst College,https://www.amherst.edu/people/facstaff/mriondato
Lee Spector,Professor,Amherst College,https://www.amherst.edu/people/facstaff/lspector
Shira B. Wein,Assistant Professor,Amherst College,https://www.amherst.edu/people/facstaff/swein
Andrew Wu,Assistant Professor,Amherst College,https://www.amherst.edu/people/facstaff/hwu
Robert Dickerson,Assistant Professor,Augustana College,https://www.augustana.edu/academics/faculty-directory/robert-dickerson
Zhengyi Li,Assistant Professor,Augustana College,https://www.augustana.edu/academics/faculty-directory/zhengyi-li
Bob Manasco,Instructor,Augustana College,https://www.augustana.edu/academics/faculty-directory/bob-manasco
Nidhi Mourya,Visiting Instructor,Augustana College,https://www.augustana.edu/academics/faculty-directory/nidhi-mourya
Diane C. Mueller,Adjunct Assistant Professor,Augustana College,https://www.augustana.edu/academics/faculty-directory/diane-c-mueller
Brooke Randazzo,Assistant Professor,Augustana College,https://www.augustana.edu/academics/faculty-directory/brooke-randazzo
Stacey Rodman,Professor,Augustana College,https://www.augustana.edu/academics/faculty-directory/stacey-rodman
Forrest J. Stonedahl,Associate Professor,Augustana College,https://www.augustana.edu/academics/faculty-directory/forrest-j-stonedahl
Andrew P. Sward,Associate Professor,Augustana College,https://www.augustana.edu/academics/faculty-directory/andrew-p-sward
Seema Aarella,Assistant Professor,Austin College,
Aaron Block,Associate Professor,Austin College,
Michael Higgs,Professor,Austin College,
Samuel Kroger,Assistant Professor,Austin College,
Kerri-Ann Norton,Associate Professor,Bard College,https://nortoncompbiolab.xyz/
Sven Anderson,Associate Professor,Bard College,https://cognlp.org/sven/
Jordan Ayala,Assistant Professor,Bard College,
Valerie Barr,Professor,Bard College,https://vbarr4.github.io/
Emma Benser,Assistant Professor,Bard College,https://emmahogan.github.io
Theresa Law,Assistant Professor,Bard College,https://theresa-law.com
Bob McGrail,Associate Professor,Bard College,https://asclab.org/asc/mcgrail
Annabel Rothschild,Assistant Professor,Bard College,https://annabelrothschild.com
Rebecca Wright,Professor,Barnard College,https://cs.barnard.edu/profiles/rebecca-wright
Smaranda Muresan,Associate Professor,Barnard College,https://cs.barnard.edu/profiles/smaranda-muresan
Ahmer Arif,Assistant Professor,Barnard College,https://cs.barnard.edu/profiles/ahmer-arif
Eysa Lee,Assistant Professor,Barnard College,https://cs.barnard.edu/profiles/eysa-lee
Mark Santolucito,Assistant Professor,Barnard College,https://cs.barnard.edu/profiles/mark-santolucito
Lucy Simko,Assistant Professor,Barnard College,https://cs.barnard.edu/profiles/lucy-simko
Corey Toler-Franklin,Assistant Professor,Barnard College,https://cs.barnard.edu/profiles/corey-toler-franklin
Tiffany Tseng,Assistant Professor,Barnard College,https://cs.barnard.edu/profiles/tiffany-tseng
Eyad Haj Said,Associate Professor,Beloit College,https://www.beloit.edu/live/profiles/9891-eyad-haj-said
Katherine Harris,Assistant Professor,Beloit College,https://www.beloit.edu/live/profiles/9895-katherine-harris
Sohaib Kiani,Assistant Professor,Beloit College,https://www.beloit.edu/live/profiles/9912-sohaib-kiani
Tom Stojsavljevic,Assistant Professor,Beloit College,https://www.beloit.edu/live/profiles/10012-tom-stojsavljevic
Ben Stucky,Assistant Professor,Beloit College,https://www.beloit.edu/live/profiles/10017-ben-stucky
Jan Pearce,Professor,Berea College,https://www.berea.edu/academics/departments-programs/computer-science/faculty-staff/dr-jan-pearce
Jacqueline Boggs,Assistant Professor,Berea College,https://www.berea.edu/academics/departments-programs/computer-science/faculty-staff/dr-jacqueline-jacci-boggs
Scott Heggen,Associate Professor,Berea College,https://www.berea.edu/academics/departments-programs/computer-science/faculty-staff/dr-scott-heggen
Jasmine Jones,Associate Professor,Berea College,https://www.berea.edu/academics/departments-programs/computer-science/faculty-staff/dr-jasmine-jones
Mario Nakazawa,Associate Professor,Berea College,https://www.berea.edu/academics/departments-programs/computer-science/faculty-staff/dr-mario-nakazawa-2
Deanna Wilborne,Assistant Professor,Berea College,https://www.berea.edu/academics/departments-programs/computer-science/faculty-staff/deanna-wilborne
Alex Mathew,Associate Professor,Bethany College (WV),https://www.bethanywv.edu/faculty/alex-mathew/
Fujiko Nito,Professor,Bethany College (WV),https://www.bethanywv.edu/faculty/fujiko-nito/
Perry Lund,Adjunct Assistant Professor,Bethany Lutheran College,https://blc.edu/about/bethany-profiles/faculty-profiles/perry-lund/
Sean K. Barker,Associate Professor,Bowdoin College,https://www.bowdoin.edu/profiles/faculty/sbarker/index.html
David Byrd,Assistant Professor,Bowdoin College,https://www.bowdoin.edu/profiles/faculty/d.byrd/index.html
Jeová Farias,Assistant Professor,Bowdoin College,https://www.bowdoin.edu/profiles/faculty/j.farias/index.html
Cibele Matos Freire,Assistant Professor,Bowdoin College,https://www.bowdoin.edu/profiles/faculty/cfreire/index.html
Sarah M. Harmon,Associate Professor,Bowdoin College,https://www.bowdoin.edu/profiles/faculty/sharmon/index.html
Stephen Houser,Adjunct Lecturer,Bowdoin College,https://www.bowdoin.edu/profiles/faculty/houser/index.html
Bobak Kiani,Assistant Professor,Bowdoin College,https://www.bowdoin.edu/profiles/faculty/b.kiani/index.html
Jeffrey Knockel,Assistant Professor,Bowdoin College,https://www.bowdoin.edu/profiles/faculty/j.knockel/index.html
Christopher Martin,Visiting Lecturer,Bowdoin College,https://www.bowdoin.edu/profiles/faculty/c.martin/index.html
Laura I. Toma,Professor,Bowdoin College,https://www.bowdoin.edu/profiles/faculty/ltoma/index.html
Verne E. Leininger,Associate Professor,Bridgewater College,https://www.bridgewater.edu/academics/faculty/dr-verne-e-leininger/
Eric McGregor,Associate Professor,Bridgewater College,https://www.bridgewater.edu/academics/faculty/dr-eric-mcgregor/
Fredrik Bryntesson,Professor,Bryn Athyn College,https://brynathyn.edu/faculty/fredrik-bryntesson.html
Stella Evans,Assistant Professor,Bryn Athyn College,https://brynathyn.edu/faculty/stella-evans.html
Thomas Frazier,Lecturer,Bryn Athyn College,https://brynathyn.edu/faculty/thomas-frazier.html
Ellen McKee,Adjunct Professor,Bryn Athyn College,https://brynathyn.edu/faculty/ellen-mckee.html
Ryan Pine,Assistant Professor,Bryn Athyn College,https://brynathyn.edu/faculty/ryan-pine.html
Elizabeth Hollister Rogers,Professor,Bryn Athyn College,https://brynathyn.edu/faculty/elizabeth-hollister-rogers.html
Neil Simonetti,Professor,Bryn Athyn College,https://brynathyn.edu/faculty/neil-simonetti.html
Elizabeth Dinella,Assistant Professor,Bryn Mawr College,
Ramesh Garimella,Visiting Professor,Bryn Mawr College,
Aline Normoyle,Assistant Professor,Bryn Mawr College,https://www.brynmawr.edu/inside/people/aline-normoyle
Adam Poliak,Assistant Professor,Bryn Mawr College,https://azpoliak.github.io/
Michael Wehar,Visiting Assistant Professor,Bryn Mawr College,
Dianna Xu,Professor,Bryn Mawr College,http://cs.brynmawr.edu/~dxu
Alan Marchiori,Associate Professor,Bucknell University,https://www.bucknell.edu/fac-staff/alan-marchiori
Lea Wittie,Associate Professor,Bucknell University,https://www.bucknell.edu/fac-staff/lea-wittie
Alexander Fuchsberger,Associate Teaching Professor,Bucknell University,https://www.bucknell.edu/fac-staff/alexander-fuchsberger
Samuel Gutekunst,Assistant Professor,Bucknell University,https://www.bucknell.edu/fac-staff/samuel-gutekunst
Jessen Havill,Professor,Bucknell University,https://www.bucknell.edu/fac-staff/jessen-havill
Brian King,Associate Professor,Bucknell University,https://www.bucknell.edu/fac-staff/brian-king
Rajesh Kumar,Assistant Professor,Bucknell University,https://www.bucknell.edu/fac-staff/rajesh-kumar
SingChun Lee,Assistant Professor,Bucknell University,https://www.bucknell.edu/fac-staff/singchun-lee
Darakhshan Mir,Associate Professor,Bucknell University,https://www.bucknell.edu/fac-staff/darakhshan-mir
Chris Mitsch,Visiting Assistant Professor,Bucknell University,https://www.bucknell.edu/fac-staff/chris-mitsch
Luiz Felipe Perrone,Professor,Bucknell University,https://www.bucknell.edu/fac-staff/luiz-felipe-perrone
Swetha Reddy Ravula,Visiting Assistant Professor,Bucknell University,https://www.bucknell.edu/fac-staff/swetha-reddy-ravula
Lily Romano,Instructor,Bucknell University,https://www.bucknell.edu/fac-staff/lily-romano
Anne Ross,Assistant Professor,Bucknell University,https://www.bucknell.edu/fac-staff/anne-ross
Todd Schmid,Assistant Professor,Bucknell University,https://www.bucknell.edu/fac-staff/todd-schmid
Joshua Stough,Associate Professor,Bucknell University,https://www.bucknell.edu/fac-staff/joshua-stough
Edward Talmage,Associate Professor,Bucknell University,https://www.bucknell.edu/fac-staff/edward-talmage
Amy Csizmar Dalal,Professor,Carleton College,https://www.carleton.edu/directory/adalal/
Eric Alexander,Associate Professor,Carleton College,https://www.carleton.edu/directory/ealexander/
Tanya Amert,Assistant Professor,Carleton College,https://www.carleton.edu/directory/tamert/
Chelsey Edge,Assistant Professor,Carleton College,https://www.carleton.edu/directory/cedge/
David Liben-Nowell,Associate Professor,Carleton College,https://www.carleton.edu/directory/dln/
Anna Meyer,Assistant Professor,Carleton College,https://www.carleton.edu/directory/annameyer/
David Musicant,Professor,Carleton College,https://www.carleton.edu/directory/dmusicant/
Sneha Narayan,Assistant Professor,Carleton College,https://www.carleton.edu/directory/snarayan/
Layla Oesper,Associate Professor,Carleton College,https://www.carleton.edu/directory/loesper/
Jeff Ondich,Professor,Carleton College,https://www.carleton.edu/directory/jondich/
Anna Rafferty,Professor,Carleton College,https://www.carleton.edu/directory/arafferty/
Jean Salac,Assistant Professor,Carleton College,https://www.carleton.edu/directory/salac/
Anya Vostinar,Assistant Professor,Carleton College,https://www.carleton.edu/directory/vostinar/
Robert Franks,Professor,Central College,
Stephen Fyfe,Professor,Central College,
Mark Johnson,Professor,Central College,
Thomas E. Allen,Associate Professor,Centre College,https://www.centre.edu/about/faculty-staff/thomas-e-allen
William Bailey,Assistant Professor,Centre College,https://www.centre.edu/about/faculty-staff/william-bailey
Michael K. Bradshaw,Professor,Centre College,https://www.centre.edu/about/faculty-staff/michael-k-bradshaw
Dave Toth,Professor,Centre College,https://www.centre.edu/about/faculty-staff/dave-toth
Abdelrahman Desoky,Associate Professor,Claflin University,https://www.claflin.edu/academics-research/faculty-research/meet-our-faculty/abdelrahman-desoky
Karina Liles,Assistant Professor,Claflin University,https://www.claflin.edu/academics-research/faculty-research/meet-our-faculty/dr.-karina-liles
Ms. Erika L. Rhett,Lecturer,Claflin University,https://www.claflin.edu/academics-research/faculty-research/meet-our-faculty/erika-rhett
Pawar Shrikant,Assistant Professor,Claflin University,https://www.claflin.edu/academics-research/faculty-research/meet-our-faculty/dr.-pawar-shrikant
Stephen Hughes,Associate Professor,Coe College,http://public.coe.edu/~shughes/
Namrata Saha,Visiting Assistant Professor,Coe College,
Michael Stobb,Associate Professor,Coe College,http://www.stobb.org
Terry Hostetler,Professor,Coe College,
Calvin Van Niewaal,Professor,Coe College,
Stephanie Taylor,Professor,Colby College,https://cs.colby.edu/srtaylor
Eric Aaron,Associate Professor,Colby College,https://cs.colby.edu/eaaron
Naser Al Madi,Assistant Professor,Colby College,https://cs.colby.edu/nsalmadi
Max Bender,Assistant Professor,Colby College,
Tahiya Chowdhury,Assistant Professor,Colby College,
Stacy Doore,Assistant Professor,Colby College,
Allen Harper,Assistant Professor,Colby College,
Ike Lage,Assistant Professor,Colby College,https://isaaclage.github.io/
Oliver Layton,Associate Professor,Colby College,https://sites.google.com/colby.edu/owlab
Ying Li,Associate Professor,Colby College,https://cs.colby.edu/yingli
Hannen Wolfe,Assistant Professor,Colby College,https://cs.colby.edu/hewolfe
Noah Apthorpe,Assistant Professor,Colgate College,https://www.colgate.edu/about/directory/napthorpe
Valerie Cucura,Senior Lab Instructor,Colgate College,https://www.colgate.edu/about/directory/vcucura
Forrest Davis,Assistant Professor,Colgate College,https://www.colgate.edu/about/directory/fdavis
Nicholas Diana,Assistant Professor,Colgate College,https://www.colgate.edu/about/directory/ndiana
Elodie Fourquet,Associate Professor,Colgate College,https://www.colgate.edu/about/directory/efourquet
Aaron Gember-Jacobson,Associate Professor,Colgate College,https://www.colgate.edu/about/directory/agemberjacobson
Georgiana Haldeman,Assistant Professor,Colgate College,https://www.colgate.edu/about/directory/ghaldeman
Matt Lyboult,Senior Lab Instructor,Colgate College,https://www.colgate.edu/about/directory/mlyboult
David Perkins,Visiting Assistant Professor,Colgate College,https://www.colgate.edu/about/directory/dperkins
Grusha Prasad,Assistant Professor,Colgate College,https://www.colgate.edu/about/directory/gprasad
Vijay Ramachandran,Associate Professor,Colgate College,https://www.colgate.edu/about/directory/vramachandran
Joel Sommers,Professor,Colgate College,https://www.colgate.edu/about/directory/jsommers
Katelyn Valete,Lab Instructor,Colgate College,https://www.colgate.edu/about/directory/kvalete
Puck Wen,Assistant Professor,Colgate College,https://www.colgate.edu/about/directory/rwen
Heather Amthauer,Associate Professor,College of St Benedict,https://www.csbsju.edu/computer-science/person/heather-amthauer/
Robert Hesse,Associate Professor,College of St Benedict,https://www.csbsju.edu/computer-science/person/robert-hesse/
Peter Ohmann,Associate Professor,College of St Benedict,https://www.csbsju.edu/computer-science/person/peter-ohmann/
Imad Rahal,Professor,College of St Benedict,https://www.csbsju.edu/computer-science/person/imad-rahal/
Vijay Srinivas Tida,Assistant Professor,College of St Benedict,https://www.csbsju.edu/computer-science/person/vijay-srinivas-tida/
Srikanth Vemula,Assistant Professor,College of St Benedict,https://www.csbsju.edu/computer-science/person/srikanth-vemula/
Eric Ruggieri,Professor,College of the Holy Cross,https://www.holycross.edu/academics/people/eric-ruggieri
Alisa DeStefano,Professor,College of the Holy Cross,https://www.holycross.edu/academics/people/alisa-destefano
Wenxin Du,Assistant Professor,College of the Holy Cross,https://www.holycross.edu/academics/people/wenxin-du
Zack Fitzsimmons,Associate Professor,College of the Holy Cross,https://www.holycross.edu/academics/people/zack-fitzsimmons
Sharon Frechette,Associate Professor,College of the Holy Cross,https://www.holycross.edu/academics/people/sharon-frechette
Heather Guarnera,Assistant Professor,College of Wooster,https://wooster.edu/bio/hguarnera/
Drew Guarnera,Assistant Professor,College of Wooster,https://wooster.edu/bio/dguarnera/
John Musgrave,Visiting Assistant Professor,College of Wooster,https://wooster.edu/bio/john-musgrave/
Alex Nord,Assistant Professor,College of Wooster,https://wooster.edu/bio/alex-nord/
Dan Palmer,Professor,College of Wooster,https://wooster.edu/bio/danpalmer/
Sofia Visa,Professor,College of Wooster,https://wooster.edu/bio/svisa/
Ike Agbanusi,Assistant Professor,Colorado College,https://www.coloradocollege.edu/basics/contact/directory/people/agbanusi_ike.html
David Brown,Professor,Colorado College,https://www.coloradocollege.edu/basics/contact/directory/people/brown_david_herbert.html
Janet Burge,Associate Professor,Colorado College,https://www.coloradocollege.edu/basics/contact/directory/people/burge_janet_elizabeth.html
Danielle Ellsworth,Assistant Professor,Colorado College,https://www.coloradocollege.edu/basics/contact/directory/people/ellsworth_danielle.html
Stefan Erickson,Associate Professor,Colorado College,https://www.coloradocollege.edu/basics/contact/directory/people/erickson_stefan.html
Rebecca Garcia,Professor,Colorado College,https://www.coloradocollege.edu/basics/contact/directory/people/garcia_rebecca_elaine.html
Luis David Garcia Puente,Professor,Colorado College,https://www.coloradocollege.edu/basics/contact/directory/people/garcia-puente_luis-david.html
Blake Jackson,Assistant Professor,Colorado College,https://www.coloradocollege.edu/basics/contact/directory/people/jackson_blake.html
Minho Kim,Assistant Professor,Colorado College,https://www.coloradocollege.edu/basics/contact/directory/people/kim_minho.html
Varsha Koushik,Assistant Professor,Colorado College,https://www.coloradocollege.edu/basics/contact/directory/people/koushik_varsha.html
Beth Malmskog,Associate Professor,Colorado College,https://www.coloradocollege.edu/basics/contact/directory/people/malmskog_beth.html
Jane McDougall,Associate Professor,Colorado College,https://www.coloradocollege.edu/basics/contact/directory/people/mcdougall_jane_margaret.html
Molly Moran,Associate Professor,Colorado College,https://www.coloradocollege.edu/basics/contact/directory/people/moran_molly.html
Ben Nye,Assistant Professor,Colorado College,https://www.coloradocollege.edu/basics/contact/directory/people/nye_ben.html
Eddie Price,Visiting Assistant Professor,Colorado College,https://www.coloradocollege.edu/basics/contact/directory/people/price_eddie.html
Flavia Sancier-Barbosa,Associate Professor,Colorado College,https://www.coloradocollege.edu/basics/contact/directory/people/sancier-barbosa_flavia_cabral.html
Cory B Scott,Assistant Professor,Colorado College,https://www.coloradocollege.edu/basics/contact/directory/people/scott_cory-b.html
Mike Siddoway,Professor,Colorado College,https://www.coloradocollege.edu/basics/contact/directory/people/siddoway_mike.html
Ahmed Kamel,Professor,Concordia College,https://www.concordiacollege.edu/directories/faculty-staff/details/dr-ahmed-kamel
Damian Lampl,Assistant Professor,Concordia College,https://www.concordiacollege.edu/directories/faculty-staff/details/dr-damian-lampl
Gregory Tanner,Associate Professor,Concordia College,https://www.concordiacollege.edu/directories/faculty-staff/details/dr-gregory-tanner
Christine Chung,Professor,Connecticut College,https://www.conncoll.edu/directories/faculty-profiles/christine-chung
S. James Lee,Associate Professor,Connecticut College,https://www.conncoll.edu/directories/faculty-profiles/sangyoon-lee
Timothy Becker,Assistant Professor,Connecticut College,https://www.conncoll.edu/directories/faculty-profiles/timothy-becker
Stephen Douglass,Associate Professor,Connecticut College,https://www.conncoll.edu/directories/faculty-profiles/stephen-douglass
Ozgur Izmirli,Professor,Connecticut College,https://www.conncoll.edu/directories/faculty-profiles/ozgur-izmirli
Gary Parker,Professor,Connecticut College,https://www.conncoll.edu/directories/faculty-profiles/gary-parker
William Tarimo,Assistant Professor,Connecticut College,https://www.conncoll.edu/directories/faculty-profiles/william-tarimo
William Barnes,Adjunct Instructor,Connecticut College,https://www.conncoll.edu/directories/faculty-profiles/william-barnes
Thomas Daggett,Adjunct Professor,Connecticut College,https://www.conncoll.edu/directories/faculty-profiles/thomas-daggett
Robert Peitzsch,Adjunct Professor,Connecticut College,https://www.conncoll.edu/directories/faculty-profiles/robert-peitzsch
John Schaeffer,Adjunct Instructor,Connecticut College,https://www.conncoll.edu/directories/faculty-profiles/john-schaeffer
Jeff Humphries,Professor,Covenant College,https://covenant.edu/academics/cs/faculty/humphries.html
Zeyu Zhou,Visiting Assistant Professor,Covenant College,https://covenant.edu/academics/cs/faculty/zhou.html
Prof. Raghu Ramanujan,Associate Professor,Davidson College,https://www.davidson.edu/people/raghu-ramanujan
Matthew Bachmann,Visiting Assistant Professor,Davidson College,https://www.davidson.edu/people/matthew-bachmann
Heather Blake,Associate Professor,Davidson College,https://www.davidson.edu/people/heather-blake
Tim Chartier,Professor,Davidson College,https://www.davidson.edu/people/tim-chartier
Angel Chavez,Assistant Professor,Davidson College,https://www.davidson.edu/people/angel-chavez
Laurie Heyer,Associate Professor,Davidson College,https://www.davidson.edu/people/laurie-heyer
Terrence Lim,Assistant Professor,Davidson College,https://www.davidson.edu/people/terrence-lim
Hammurabi Mendes,Associate Professor,Davidson College,https://www.davidson.edu/people/hammurabi-mendes
Catherine Nemitz,Assistant Professor,Davidson College,https://www.davidson.edu/people/catherine-nemitz
Tabitha Peck,Associate Professor,Davidson College,https://www.davidson.edu/people/tabitha-peck
Jonad Pulaj,Associate Professor,Davidson College,https://www.davidson.edu/people/jonad-pulaj
Raghu Ramanujan,Associate Professor,Davidson College,https://www.davidson.edu/people/raghu-ramanujan
Katy Williams,Assistant Professor,Davidson College,https://www.davidson.edu/people/katy-williams
Ana Wright,Assistant Professor,Davidson College,https://www.davidson.edu/people/ana-wright
Carl Yerger,Professor,Davidson College,https://www.davidson.edu/people/carl-yerger
Yan Zhuang,Associate Professor,Davidson College,https://www.davidson.edu/people/yan-zhuang
Michael Chavrimootoo,Assistant Professor,Denison University,https://denison.edu/people/michael-chavrimootoo
Flannery Currin,Assistant Professor,Denison University,https://denison.edu/people/flannery-currin
Mikey Goldweber,Professor,Denison University,https://denison.edu/people/mikey-goldweber
David Kahn,Assistant Professor,Denison University,https://denison.edu/people/david-kahn
Matt Kretchmar,Professor,Denison University,https://denison.edu/people/robert-kretchmar
Ashwin Lall,Professor,Denison University,https://denison.edu/people/ashwin-lall
Ali Miller,Instructor,Denison University,https://denison.edu/people/ali-miller
Stacey Truex,Assistant Professor,Denison University,https://denison.edu/people/stacey-truex
Dave Berque,Lab Instructor,DePauw University,https://www.depauw.edu/directories/detail/730493820513/
Grant Braught,Professor,Dickinson College,https://www.dickinson.edu/site/custom_scripts/dc_faculty_profile_index.php?fac=braught
Matt Ferland,Assistant Professor,Dickinson College,https://www.dickinson.edu/site/custom_scripts/dc_faculty_profile_index.php?fac=ferlandm
Dick Forrester,Professor,Dickinson College,https://www.dickinson.edu/site/custom_scripts/dc_faculty_profile_index.php?fac=forrestr
William Goble,Lecturer,Dickinson College,https://www.dickinson.edu/site/custom_scripts/dc_faculty_profile_index.php?fac=goblew
John MacCormick,Professor,Dickinson College,https://www.dickinson.edu/site/custom_scripts/dc_faculty_profile_index.php?fac=jmac
Farhan Siddiqui,Associate Professor,Dickinson College,https://www.dickinson.edu/site/custom_scripts/dc_faculty_profile_index.php?fac=siddiquf
Barry Burd,Assistant Teaching Professor,Drew University,
Valerie Siyuan Feng,Assistant Professor,Drew University,
Chris Gibbs,Adjunct Professor,Drew University,
Prasad Kothapalli,Adjunct Professor,Drew University,
Diane Liporace,Adjunct Instructor,Drew University,
Yi Lu,Associate Professor,Drew University,
Fred Meyer,Adjunct Professor,Drew University,
Adam Michlin,Assistant Professor,Drew University,
Alex Rudniy,Associate Professor,Drew University,
Debanjali Banerjee,Assistant Professor,Earlham College,https://earlham.edu/faculty-staff/debanjali-banerjee/
Doug Harms,Instructor,Earlham College,https://earlham.edu/faculty-staff/doug-harms/
Charlie Peck,Associate Professor,Earlham College,https://earlham.edu/faculty-staff/charlie-peck/
Fatemeh Valizadeh Gamchi,Assistant Professor,Earlham College,https://earlham.edu/faculty-staff/fatemeh-valizadeh-gamchi/
Yunting Yin,Assistant Professor,Earlham College,https://earlham.edu/faculty-staff/yunting-yin/
Injoo Kim,Associate Professor,East-West University,https://www.eastwest.edu/computer-information-science/faculty/injoo-kim/
Julie Zhang,Associate Professor,East-West University,https://www.eastwest.edu/computer-information-science/faculty/julie-zhang/
Komal Vashisht,Adjunct Instructor,East-West University,
Fran Casillas,Adjunct Professor,East-West University,
Kelly R. Debure,Professor,Eckerd College,https://www.eckerd.edu/computer-science/faculty/debure/
Michael L Hilton,Associate Professor,Eckerd College,http://www.eckerd.edu/computer-science/faculty/hilton/
Holger Mauch,Professor,Eckerd College,https://www.eckerd.edu/computer-science/faculty/mauch/
Robert Beasley,Professor,Franklin College,https://franklincollege.edu/faculty/robert-beasley-ph-d/
Kerry Smith,Professor,Franklin College,https://franklincollege.edu/faculty/kerry-smith-ph-d/
Justin D Brody,Assistant Professor,Franklin & Marshall College,https://www.fandm.edu/directory/justin-brody.html
Jing Hu,Associate Professor,Franklin & Marshall College,https://www.fandm.edu/directory/jing-hu.html
Emily K Jensen,Assistant Professor,Franklin & Marshall College,https://www.fandm.edu/directory/emily-jensen.html
Jacob Logas,Assistant Professor,Franklin & Marshall College,https://www.fandm.edu/directory/jacob-logas.html
Brad McDanel,Assistant Professor,Franklin & Marshall College,https://www.fandm.edu/directory/brad-mcdanel.html
Ed Novak,Associate Professor,Franklin & Marshall College,https://www.fandm.edu/directory/ed-novak.html
Tony J Weaver,Adjunct Senior Instructor,Franklin & Marshall College,https://www.fandm.edu/directory/anthony-weaver.html
Willie Wilson,Assistant Professor,Franklin & Marshall College,https://www.fandm.edu/directory/willie-wilson.html
Andrea Tartaro,Professor,Furman University,https://www.furman.edu/people/andrea-tartaro
Chris Alvin,Associate Professor,Furman University,https://www.furman.edu/people/christopher-alvin
Rebecca Drucker,Assistant Professor,Furman University,https://www.furman.edu/people/rebecca-drucker
Syed Fahad Sultan,Assistant Professor,Furman University,https://www.furman.edu/people/syed-fahad-sultan
Kevin Treu,Professor,Furman University,https://www.furman.edu/people/kevin-treu
Sunghee Sunny Kim,Professor,Gettysburg College,https://www.gettysburg.edu/academic-programs/computer-science/faculty/employee_detail.dot?empId=02779742020013294&pageTitle=Sunghee++Sunny+Kim
Ivaylo Ilinkin,Professor,Gettysburg College,https://www.gettysburg.edu/academic-programs/computer-science/faculty/employee_detail.dot?empId=04006600720013294&pageTitle=Ivaylo+Ilinkin
Todd W. Neller,Professor,Gettysburg College,https://www.gettysburg.edu/academic-programs/computer-science/faculty/employee_detail.dot?empId=02000447520013294&pageTitle=Todd+W.+Neller
Clif Presser,Associate Professor,Gettysburg College,https://www.gettysburg.edu/academic-programs/computer-science/faculty/employee_detail.dot?empId=02000449020013294&pageTitle=Clif+Presser
Daniel White,Lecturer,Gettysburg College,https://www.gettysburg.edu/academic-programs/computer-science/faculty/employee_detail.dot?empId=010401306320013294&pageTitle=Daniel+White
Jonathan Hoffman,Adjunct Instructor,Gettysburg College,https://www.gettysburg.edu/academic-programs/computer-science/faculty/employee_detail.dot?empId=014675866920013294&pageTitle=Jonathan+Hoffman
Russell C. Bjork,Professor,Gordon College,http://web.mit.edu
Irvin J. Levy,Professor,Gordon College,http://web.bu.edu
Jonathan R. Senning,Professor,Gordon College,http://www.gordon.edu
Jill Zimmerman,Professor,Goucher College,https://www.goucher.edu/faculty/jill-zimmerman
Mohammad Naderi Dehkordi,Associate Professor,Goucher College,https://www.goucher.edu/faculty/mohammad-naderi-dehkordi
Thomas Kelliher,Associate Professor,Goucher College,https://www.goucher.edu/faculty/thomas-kelliher
Robert Lewand,Professor,Goucher College,
Peter-Michael Osera,Associate Professor,Grinnel College,https://www.grinnell.edu/user/933
Ali Allami,Associate Professor,Grinnel College,https://www.grinnell.edu/user/28106
Eric Autry,Assistant Professor,Grinnel College,https://www.grinnell.edu/user/26706
Charlie Curtsinger,Associate Professor,Grinnel College,https://www.grinnell.edu/user/932
Nicole Eikmeier,Associate Professor,Grinnel College,https://www.grinnell.edu/user/15901
Fernanda Eliott,Assistant Professor,Grinnel College,https://www.grinnell.edu/user/25491
Shawn Ong,Assistant Professor,Grinnel College,https://www.grinnell.edu/user/28076
Samuel A. Rebelsky,Professor,Grinnel College,https://www.grinnell.edu/user/473
William Rebelsky,Assistant Professor,Grinnel College,https://www.grinnell.edu/user/27671
Jerod Weinman,Associate Professor,Grinnel College,https://www.grinnell.edu/user/591
Aaron Nienow,Senior Instructor,Gustavus Adolphus College,https://gustavus.edu/profiles/anienow2
Baili Chen,Associate Professor,Gustavus Adolphus College,https://gustavus.edu/profiles/bchen
Flint Million,Adjunct Assistant Professor,Gustavus Adolphus College,https://gustavus.edu/profiles/fmillion
Guarionex Salivia,Associate Professor,Gustavus Adolphus College,https://gustavus.edu/profiles/gsalivia
Jacob Siehler,Associate Professor,Gustavus Adolphus College,https://gustavus.edu/profiles/jsiehler
Jeff Ford,Visiting Assistant Professor,Gustavus Adolphus College,https://gustavus.edu/profiles/jford
Jillian Downey,Associate Professor,Gustavus Adolphus College,https://gustavus.edu/profiles/jdowney
Laura Hildreth,Associate Professor,Gustavus Adolphus College,https://gustavus.edu/profiles/lhildreth
Louis Yu,Associate Professor,Gustavus Adolphus College,https://gustavus.edu/profiles/lyu
Darren Strash,Associate Professor,Hamilton College,https://www.hamilton.edu/academics/our-faculty/directory/faculty-detail/darren-strash
Mark Bailey,Professor,Hamilton College,https://www.hamilton.edu/academics/our-faculty/directory/faculty-detail/mark-bailey
Mason Brown,Visiting Assistant Professor,Hamilton College,https://www.hamilton.edu/academics/our-faculty/directory/faculty-detail/mason-brown
Shawn Chen,Assistant Professor,Hamilton College,https://www.hamilton.edu/academics/our-faculty/directory/faculty-detail/xiao-chen
Karyn Doke,Assistant Professor,Hamilton College,https://www.hamilton.edu/academics/our-faculty/directory/faculty-detail/karyn-doke
Han Dong,Assistant Professor,Hamilton College,https://www.hamilton.edu/academics/our-faculty/directory/faculty-detail/han-dong
Thomas Helmuth,Associate Professor,Hamilton College,https://www.hamilton.edu/academics/our-faculty/directory/faculty-detail/Thomas-Helmuth
Sarah Morrison-Smith,Assistant Professor,Hamilton College,https://www.hamilton.edu/academics/our-faculty/directory/faculty-detail/sarah-morrison-smith
Wenbo Wang,Visiting Assistant Professor,Hamilton College,https://www.hamilton.edu/academics/our-faculty/directory/faculty-detail/wenbo-wang
Skip to Content,Associate Professor,Hampden-Sydney College,https://www.hsc.edu/academics/mathematics-and-computer-science/math-and-cs-professors#content
You are here:,Associate Professor,Hampden-Sydney College,https://www.hsc.edu/academics
Dylan Domel-White,Assistant Professor,Hampden-Sydney College,https://www.hsc.edu/faculty-profile-index/dylan-domel-white
Rebecca Jayne,Associate Professor,Hampden-Sydney College,https://www.hsc.edu/faculty-profile-index/rebecca-jayne
Brian Lins,Professor,Hampden-Sydney College,https://www.hsc.edu/faculty-profile-index/brian-lins
Sarah Loeb,Associate Professor,Hampden-Sydney College,https://www.hsc.edu/faculty-profile-index/sarah-loeb
John Machacek,Assistant Professor,Hampden-Sydney College,https://www.hsc.edu/faculty-profile-index/john-machacek
Joseph Rennie,Assistant Professor,Hampden-Sydney College,https://www.hsc.edu/faculty-profile-index/joseph-rennie
Michael C. Strayer,Associate Professor,Hampden-Sydney College,https://www.hsc.edu/faculty-profile-index/michael-strayer
William Tolley,Assistant Professor,Hampden-Sydney College,https://www.hsc.edu/faculty-profile-index/william-tolley
Jeffrey LaMarche,Visiting Instructor,Hanover College,
Haris Skiadas,Professor,Hanover College,https://www.hanover.edu/about/profiles/skiadas
Barbara Wahl,Professor,Hanover College,https://www.hanover.edu/about/profiles/wahl
Howard Lichtman,Professor,Hartwick College,https://www.hartwick.edu/people/howard-lichtman/
Jim Boerkoel,Professor,Harvey Mudd College,http://www.cs.hmc.edu/~boerkoel/
Julie Medero,Associate Professor,Harvey Mudd College,http://www.cs.hmc.edu/~julie/
Lucas Bang,Associate Professor,Harvey Mudd College,
Katherine Breeden,Associate Professor,Harvey Mudd College,https://graphics.stanford.edu/~kbreeden/
Jonathan Chang,Assistant Professor,Harvey Mudd College,https://jpwchang.github.io/
Zach Dodds,Professor,Harvey Mudd College,http://www.cs.hmc.edu/~dodds/
Lynn Kirabo,Assistant Professor,Harvey Mudd College,https://www.cs.hmc.edu/~kirabo/
George Montañez,Associate Professor,Harvey Mudd College,https://www.cs.hmc.edu/~montanez/
Vidushi Ojha,Assistant Professor,Harvey Mudd College,
Melissa O'Neill,Professor,Harvey Mudd College,http://www.cs.hmc.edu/~oneill/research/
Arthi Padmanabhan,Assistant Professor,Harvey Mudd College,
Tim Randolph,Assistant Professor,Harvey Mudd College,https://twrand.github.io/
Xanda Schofield,Associate Professor,Harvey Mudd College,https://www.cs.hmc.edu/~xanda/#/home
Chris Stone,Professor,Harvey Mudd College,http://www.cs.hmc.edu/~stone/
Erin Talvitie,Associate Professor,Harvey Mudd College,https://sites.google.com/g.hmc.edu/erinjtalvitie
Beth Trushkowsky,Associate Professor,Harvey Mudd College,http://www.cs.hmc.edu/~beth/research.shtml
Ben Wiedermann,Professor,Harvey Mudd College,https://www.cs.hmc.edu/~benw/
Calden Wloka,Assistant Professor,Harvey Mudd College,https://www.caldenwloka.com/
John Dougherty,Associate Professor,Haverford College,https://www.haverford.edu/users/jdougher
Sorelle Friedler,Professor,Haverford College,https://www.haverford.edu/users/sfriedle
Alvin Grissom,Associate Professor,Haverford College,https://www.haverford.edu/users/agrissom
Steven Lindell,Professor,Haverford College,https://www.haverford.edu/users/slindell
Dung Nguyen,Visiting Assistant Professor,Haverford College,https://www.haverford.edu/users/dnguyen1
Thao Nguyen,Assistant Professor,Haverford College,https://www.haverford.edu/users/tnguyen3
David Wonnacott,Professor,Haverford College,https://www.haverford.edu/users/dwonnaco
Gabriel Ferrer,Professor,Hendrix College,https://www.hendrix.edu/WorkArea/linkit.aspx?LinkIdentifier=ID&ItemID=70718
Mark Goadrich,Professor,Hendrix College,https://www.hendrix.edu/WorkArea/linkit.aspx?LinkIdentifier=ID&ItemID=70721
Brent A. Yorgey,Associate Professor,Hendrix College,https://www.hendrix.edu/WorkArea/linkit.aspx?LinkIdentifier=ID&ItemID=74339
Brian Delavan,Adjunct Professor,Hendrix College,https://www.hendrix.edu/WorkArea/linkit.aspx?LinkIdentifier=ID&ItemID=105311
Joseph Rusinko,Associate Professor,Hobart and William Smith College,https://www.hws.edu/faculty/rusinko-joseph.aspx
Jonathan E Forde,Professor,Hobart and William Smith College,https://www.hws.edu/faculty/forde-jonathan.aspx
Jocelyn Bell,Associate Professor,Hobart and William Smith College,https://www.hws.edu/faculty/bell-jocelyn.aspx
Jennifer Biermann,Associate Professor,Hobart and William Smith College,https://www.hws.edu/faculty/biermann-jennifer.aspx
Stina S Bridgeman,Associate Professor,Hobart and William Smith College,https://www.hws.edu/faculty/bridgeman-stina.aspx
Chris Fietkiewicz,Associate Professor,Hobart and William Smith College,https://www.hws.edu/faculty/fietkiewicz-chris.aspx
Yan Hao,Associate Professor,Hobart and William Smith College,https://www.hws.edu/faculty/hao-yan.aspx
Hanqing Hu,Assistant Professor,Hobart and William Smith College,https://www.hws.edu/faculty/hu-hanqing.aspx
Erika L.C. King,Associate Professor,Hobart and William Smith College,https://www.hws.edu/faculty/king-erika.aspx
Michael Jipping,Professor,Hope College,https://hope.edu/directory/people/jipping-michael/index.html
Charles Cusack,Professor,Hope College,https://hope.edu/directory/people/cusack-charles/index.html
Ryan McFall,Professor,Hope College,https://hope.edu/directory/people/mcfall-ryan/index.html
Fola Olagbemi,Assistant Professor,Hope College,https://hope.edu/directory/people/olagbemi-fola/index.html
Associate Professor of Computer Science,Associate Professor,Hope College,
Katrina Koehler,Associate Professor,Houghton University,https://www.houghton.edu/staff-members/katrina-koehler/
Babafemi Sorinolu,Assistant Professor,Houghton University,https://www.houghton.edu/staff-members/babafemi-sorinolu/
Takako Soma,Associate Professor,Illinois College,https://www.ic.edu/directory/soma-takako
Gerald W. Kruse,Professor,Juniata College,https://www.juniata.edu/academics/provost/bio.php?id=KRUSE
Elainea Neville,Instructor,Juniata College,https://www.juniata.edu/academics/provost/bio.php?id=Neville
Jianyuan Ni,Assistant Professor,Juniata College,
William H. Thomas,Professor,Juniata College,https://www.juniata.edu/academics/provost/bio.php?id=THOMAS
John J. Wright,Associate Professor,Juniata College,https://www.juniata.edu/academics/provost/bio.php?id=WRIGHTJ
Jigar Patel,Lecturer,Juniata College,
Alyce Brady,Professor,Kalamazoo College,
Pam Cutter,Professor,Kalamazoo College,
Tasnim Gharaibeh,Assistant Professor,Kalamazoo College,
Nicholas Polanco,Visiting Assistant Professor,Kalamazoo College,
Sandino Vargas-Pérez,Associate Professor,Kalamazoo College,
David Bunde,Professor,Knox College,https://www.knox.edu/academics/faculty/bunde-david
Shengting Cao,Assistant Professor,Knox College,https://www.knox.edu/academics/faculty/cao-shengting
Michael Gerten,Visiting Instructor,Knox College,https://www.knox.edu/academics/faculty/gerten-michael
Jurdana Masuma Iqrah,Assistant Professor,Knox College,https://www.knox.edu/academics/faculty/iqrah-jurdana-masuma-x50047
Jaime Spacco,Associate Professor,Knox College,https://www.knox.edu/academics/faculty/spacco-jaime
Ge Xia,Professor,Lafayette College,http://www.cs.lafayette.edu/~gexia
Lauren Biernacki,Assistant Professor,Lafayette College,
Jonathan Dahl,Senior Lecturer,Lafayette College,http://sites.lafayette.edu/dahlj
Christian Lopez,Assistant Professor,Lafayette College,http://sites.lafayette.edu/lopezbec
Jeffrey O. Pfaffmann,Associate Professor,Lafayette College,http://sites.lafayette.edu/pfaffmaj/
Sofia Serrano,Assistant Professor,Lafayette College,https://sites.lafayette.edu/serranos/
Jorge Silveyra,Assistant Professor,Lafayette College,
Justin Smith,Assistant Professor,Lafayette College,https://jssmith1.github.io/
Jia Tao,Associate Professor,Lafayette College,https://sites.lafayette.edu/taoj/
Enrique Trevino,Professor,Lake Forest College,https://www.lakeforest.edu/academics/faculty/trevino
Sugata Banerji,Associate Professor,Lake Forest College,https://www.lakeforest.edu/academics/faculty/banerji
Sara Jamshidi,Assistant Professor,Lake Forest College,https://www.lakeforest.edu/academics/faculty/sjamshidi
Craig Knuckles,Professor,Lake Forest College,https://www.lakeforest.edu/academics/faculty/knuckles
Dakotah Lambert,Assistant Professor,Lake Forest College,https://www.lakeforest.edu/academics/faculty/dlambert
Gunjan Sharma,Visiting Assistant Professor,Lake Forest College,https://www.lakeforest.edu/academics/faculty/gsharma
Kitai Jeong,Assistant Professor,Lane College,
Sheldon Liang,Assistant Professor,Lane College,
Kent Tyler,Assistant Professor,Lane College,
Acacia Ackles,Assistant Professor,Lawrence University,https://www.lawrence.edu/people/acacia-ackles-assistant-professor-of-computer-science
Kyle Diederich,Visiting Assistant Professor,Lawrence University,https://www.lawrence.edu/people/kyle-diederich-visiting-assistant-professor-of-computer-science
Joseph N. Gregg,Associate Professor,Lawrence University,https://www.lawrence.edu/people/joseph-gregg-associate-professor-of-computer-science
Kurt Krebsbach,Professor,Lawrence University,https://www.lawrence.edu/people/kurt-krebsbach-professor-of-computer-science
David Lovitz,Visiting Professor,Lewis & Clark College,https://college.lclark.edu/live/profiles/23609-david-lovitz
Sweta Suryanarayan,Assistant Professor,Lewis & Clark College,https://college.lclark.edu/live/profiles/149-sweta-suryanarayan
Nurideen Abubakari,Visiting Assistant Professor,Linfield University,https://www.linfield.edu/faculty/nabubakari.html
Stephen Bricher,Professor,Linfield University,https://www.linfield.edu/faculty/sbricher.html
Daniel Ford,Assistant Professor,Linfield University,https://www.linfield.edu/faculty/dford.html
Mike Hitchman,Professor,Linfield University,https://www.linfield.edu/faculty/mhitchm.html
Kate Lorenzen,Assistant Professor,Linfield University,https://www.linfield.edu/faculty/klorenzen.html
Chuck Lundon,Professor,Linfield University,https://www.linfield.edu/faculty/chuckl.html
Jennifer Nordstrom,Professor,Linfield University,https://www.linfield.edu/faculty/jfirkins.html
Yujie Wang,Assistant Professor,Linfield University,https://www.linfield.edu/faculty/ywang3.html
Roman Yasinovskyy,Associate Professor,Luther College,https://www.luther.edu/faculty/roman-yasinovskyy
Thuy Do,Assistant Professor,Luther College,https://www.luther.edu/faculty/thuy-do
Kar Ee Ho,Assistant Professor,Luther College,https://www.luther.edu/faculty/kar-ee-ho
Sanad Aburass,Assistant Professor,Luther College,https://www.luther.edu/faculty/sanad-aburass
Krish Pillai,Assistant Professor,Lycoming College,https://www.lycoming.edu/faculty/pillai-krish.aspx
Adrian Rublein,Assistant Professor,Lycoming College,https://www.lycoming.edu/faculty/rublein-adrian.aspx
Marcus Birkenkrahe,Associate Professor,Lyon College,
Pietro Dall'Olio,Assistant Professor,Lyon College,
Shilad Sen,Professor,Macalester College,https://www.macalester.edu/mscs/facultystaff/shiladsen/
Brianna Heggeseth,Professor,Macalester College,https://www.macalester.edu/mscs/facultystaff/brianna-heggeseth/
Amin Alhashim,Visiting Assistant Professor,Macalester College,https://www.macalester.edu/mscs/facultystaff/amin-alhashim/
Suhas Arehalli,Assistant Professor,Macalester College,
Curtis Balz,Visiting Assistant Professor,Macalester College,
Andrew Beveridge,Professor,Macalester College,https://www.macalester.edu/mscs/facultystaff/andrewbeveridge/
Md Mutasim Billah,Visiting Assistant Professor,Macalester College,
Paul Cantrell,Senior Instructor,Macalester College,https://www.macalester.edu/mscs/facultystaff/paulcantrell/
Jedidiah Carlson,Visiting Assistant Professor,Macalester College,
Yariana Diaz,Assistant Professor,Macalester College,
Dan Drake,Visiting Assistant Professor,Macalester College,
Lian Duan,Instructor,Macalester College,https://www.macalester.edu/mscs/facultystaff/duan/
David Ehren,Instructor,Macalester College,https://www.macalester.edu/mscs/facultystaff/davidehren/
Elizabeth Ernst,Assistant Professor,Macalester College,https://www.macalester.edu/mscs/facultystaff/elizabethernst/
Taryn Flock,Assistant Professor,Macalester College,https://www.macalester.edu/mscs/facultystaff/taryn-flock/
Susan Fox,Professor,Macalester College,https://www.macalester.edu/mscs/facultystaff/susanfox/
Kelsey Grinde,Assistant Professor,Macalester College,https://www.macalester.edu/mscs/facultystaff/kelsey-grinde/
William Grodzicki,Visiting Assistant Professor,Macalester College,https://www.macalester.edu/mscs/facultystaff/william-grodzicki/
Tom Halverson,Professor,Macalester College,https://www.macalester.edu/mscs/facultystaff/tomhalverson/
Alex Hanhart,Visiting Assistant Professor,Macalester College,
Kristin Heysse,Assistant Professor,Macalester College,https://www.macalester.edu/mscs/facultystaff/heysse/
Bret Jackson,Associate Professor,Macalester College,https://www.macalester.edu/mscs/facultystaff/bretjackson/
Abby Marsh,Associate Professor,Macalester College,https://www.macalester.edu/mscs/facultystaff/abigail-marsh/
Lauren Milne,Associate Professor,Macalester College,https://www.macalester.edu/mscs/facultystaff/lauren-milne/
William Mitchell,Associate Professor,Macalester College,https://www.macalester.edu/mscs/facultystaff/willmitchell/
Leslie Myint,Associate Professor,Macalester College,https://www.macalester.edu/mscs/facultystaff/leslie-myint/
Taylor Okonek,Assistant Professor,Macalester College,https://www.macalester.edu/mscs/facultystaff/taylor-okonek/
Daniel O'Loughlin,Visiting Assistant Professor,Macalester College,https://www.macalester.edu/mscs/facultystaff/daniel-oloughlin/
Getiria Onsongo,Associate Professor,Macalester College,https://www.macalester.edu/mscs/facultystaff/onsongo/
Joslenne Peña,Assistant Professor,Macalester College,https://www.macalester.edu/mscs/facultystaff/joslenne-pena/
Elizabeth Shoop,Professor,Macalester College,https://www.macalester.edu/mscs/facultystaff/libbyshoop/
Vittorio Addona,Professor,Macalester College,https://www.macalester.edu/mscs/facultystaff/vittorioaddona/
David Bressoud,Professor,Macalester College,https://www.macalester.edu/mscs/facultystaff/davidbressoud/
Daniel Kaplan,Professor,Macalester College,https://www.macalester.edu/mscs/facultystaff/dannykaplan/
Allan Marshall Kirch,Professor,Macalester College,
Barbara Johnson,Associate Professor,Maryville College,https://www.maryvillecollege.edu/faculty/barbara-johnson/
Jennifer Hontz,Professor,Meredith College,https://www.meredith.edu/directory/jennifer-hontz/
Kristin Watkins,Professor of Practice,Meredith College,https://www.meredith.edu/directory/kristin-watkins/
Mark Gass,Assistant Professor of Practice,Meredith College,https://www.meredith.edu/directory/mark-gass/
Christopher Andrews,Associate Professor,Middlebury College,https://www.middlebury.edu/college/people/christopher-andrews
Laura Biester,Assistant Professor,Middlebury College,https://github.com/lbiester
Amy Briggs,Professor,Middlebury College,https://www.middlebury.edu/college/people/amy-briggs
Philip Caplan,Assistant Professor,Middlebury College,https://www.middlebury.edu/college/people/philip-caplan
Phil Chodrow,Assistant Professor,Middlebury College,https://www.middlebury.edu/college/people/phil-chodrow
Ananya Das,Associate Professor,Middlebury College,https://www.middlebury.edu/college/people/ananya-das
Matthew Dickerson,Professor,Middlebury College,https://www.middlebury.edu/college/people/matthew-dickerson
Smith Gakuya,Visiting Lab Instructor,Middlebury College,https://github.com/Sgakuya
Peter Johnson,Associate Professor,Middlebury College,https://www.middlebury.edu/college/people/peter-johnson
Shelby Kimmel,Associate Professor,Middlebury College,https://www.middlebury.edu/college/people/shelby-kimmel
Michael Linderman,Associate Professor,Middlebury College,https://www.middlebury.edu/college/people/michael-linderman
Frank Swenton,Professor,Middlebury College,https://www.middlebury.edu/college/people/frank-swenton
Andrea Vaccari,Associate Professor,Middlebury College,https://www.middlebury.edu/college/people/andrea-vaccari
Robert Utterback,Adjunct Professor,Monmouth College,https://www.monmouthcollege.edu/live/profiles/499-robert-utterback
Logan Mayfield,Professor,Monmouth College,https://www.monmouthcollege.edu/live/profiles/2120-logan-mayfield
Lisa A. Ballesteros,Associate Professor,Mount Holyoke College,https://www.mtholyoke.edu/directory/faculty-staff/lisa-ballesteros
Alyxander Burns,Assistant Professor,Mount Holyoke College,https://www.mtholyoke.edu/directory/faculty-staff/alyxander-burns
Barbara Staudt Lerner,Professor,Mount Holyoke College,https://www.mtholyoke.edu/directory/faculty-staff/barbara-staudt-lerner
Tony Liu,Assistant Professor,Mount Holyoke College,https://www.mtholyoke.edu/directory/faculty-staff/tony-liu
James McCauley,Assistant Professor,Mount Holyoke College,https://www.mtholyoke.edu/directory/faculty-staff/james-mccauley
Heather Pon-Barry,Associate Professor,Mount Holyoke College,https://www.mtholyoke.edu/directory/faculty-staff/heather-pon-barry
Audrey St. John,Professor,Mount Holyoke College,https://www.mtholyoke.edu/directory/faculty-staff/audrey-st-john
Melody Su,Assistant Professor,Mount Holyoke College,https://www.mtholyoke.edu/directory/faculty-staff/melody-su
Diane Uwacu,Assistant Professor,Mount Holyoke College,https://www.mtholyoke.edu/directory/faculty-staff/diane-uwacu
Michael Allocca,Associate Professor,Muhlenberg College,https://www.muhlenberg.edu/directory/michael-allocca/
Abbey D'Ovidio,Assistant Professor,Muhlenberg College,https://www.muhlenberg.edu/directory/abbey-dovidio/
Allison Davidson,Associate Professor,Muhlenberg College,https://www.muhlenberg.edu/directory/allison-davidson/
William Gryc,Professor,Muhlenberg College,https://www.muhlenberg.edu/directory/william-gryc/
Youngsun Jang,Assistant Professor,Muhlenberg College,https://www.muhlenberg.edu/directory/youngsun-jang/
Michael Karcher,Assistant Professor,Muhlenberg College,https://www.muhlenberg.edu/directory/michael-karcher/
Linda McGuire,Professor,Muhlenberg College,https://www.muhlenberg.edu/directory/linda-mcguire/
Proyash Podder,Assistant Professor,Muhlenberg College,https://www.muhlenberg.edu/directory/proyash-podder/
James Russell,Associate Professor,Muhlenberg College,https://www.muhlenberg.edu/directory/james-russell/
Elyn Rykken,Professor,Muhlenberg College,https://www.muhlenberg.edu/directory/elyn-rykken/
Gary Shufelt,Adjunct Professor,Muhlenberg College,https://www.muhlenberg.edu/directory/gary-shufelt/
Hamed Yaghoobian,Assistant Professor,Muhlenberg College,https://www.muhlenberg.edu/directory/hamed-yaghoobian/
Fahmida Hamid,Assistant Professor,New College of Florida,https://www.ncf.edu/directory/fahmida-hamid/
David Gillman,Associate Professor,New College of Florida,https://www.ncf.edu/directory/david-w-gillman/
Daniel Page,Visiting Assistant Professor,New College of Florida,https://www.ncf.edu/directory/daniel-page/
Gil Salu,Visiting Assistant Professor,New College of Florida,
Cynthia Taylor,Associate Professor,Oberlin College,https://www.oberlin.edu/cynthia-taylor
Stephen Checkoway,Associate Professor,Oberlin College,https://www.oberlin.edu/stephen-checkoway
Adam Eck,Associate Professor,Oberlin College,https://www.oberlin.edu/adam-eck
Molly Q Feldman,Assistant Professor,Oberlin College,https://www.oberlin.edu/molly-feldman
Joshua H. Davidson,Assistant Professor,Oberlin College,https://www.oberlin.edu/joshua-h-davidson
Mary Hogan,Assistant Professor,Oberlin College,https://www.oberlin.edu/mary-hogan
Roberto Hoyle,Associate Professor,Oberlin College,https://www.oberlin.edu/roberto-hoyle
Howard Levinson,Assistant Professor,Oberlin College,https://www.oberlin.edu/howard-levinson
Michael McCarrin,Assistant Professor,Oberlin College,https://www.oberlin.edu/michael-mccarrin
Sam Taggart,Associate Professor,Oberlin College,https://www.oberlin.edu/sam-taggart
Emily Wang,Assistant Professor,Oberlin College,https://www.oberlin.edu/emily-wang
Noel Warford,Visiting Assistant Professor,Oberlin College,https://www.oberlin.edu/noel-warford
Justin Li,Associate Professor,Occidental College,https://www.oxy.edu/academics/faculty/justin-li
Hector M. Camarillo Abad,Assistant Professor,Occidental College,https://www.oxy.edu/academics/faculty/hector-m-camarillo-abad
Kathryn Leonard,Professor,Occidental College,https://www.oxy.edu/academics/faculty/kathryn-leonard
Teddy Pozo,Assistant Professor,Occidental College,https://www.oxy.edu/academics/faculty/teddy-pozo
Joel Walsh,Assistant Professor,Occidental College,https://www.oxy.edu/academics/faculty/joel-walsh
Meiqing Zhang,Assistant Professor,Occidental College,https://www.oxy.edu/academics/faculty/meiqing-zhang
Hsing-Hau Chen,Associate Professor,Occidental College,https://www.oxy.edu/academics/faculty/hsing-hau-chen
Chris Cianci,Assistant Professor,Occidental College,https://www.oxy.edu/academics/faculty/chris-cianci
Treena Basu,Associate Professor,Occidental College,https://www.oxy.edu/academics/faculty/treena-basu
Mehwish Abbasi,Assistant Professor,Ohio Wesleyan University,https://www.owu.edu/academics/departments-programs/mathematics-computer-science-department/faculty-staff/mehwish-abbasi/
Tzu-Yi Chen,Professor,Pomona College,https://www.pomona.edu/directory/people/tzu-yi-chen
Eleanor Birrell,Associate Professor,Pomona College,https://www.pomona.edu/directory/people/eleanor-birrell
Anthony Clark,Assistant Professor,Pomona College,https://www.pomona.edu/directory/people/anthony-clark
David R. Kauchak,Professor,Pomona College,https://www.pomona.edu/directory/people/david-r-kauchak
Jingyi Li,Assistant Professor,Pomona College,https://www.pomona.edu/directory/people/jingyi-li
Joseph C. Osborn,Associate Professor,Pomona College,https://www.pomona.edu/directory/people/joseph-c-osborn
Alexandra Papoutsaki,Associate Professor,Pomona College,https://www.pomona.edu/directory/people/alexandra-papoutsaki
Sam Thomas,Assistant Professor,Pomona College,https://www.pomona.edu/directory/people/sam-thomas
Andrew T. Wilson,Lecturer,Pomona College,https://www.pomona.edu/directory/people/andrew-t-wilson
Yuqing Melanie Wu,Professor,Pomona College,https://www.pomona.edu/directory/people/yuqing-melanie-wu
Michael Zlatin,Assistant Professor,Pomona College,https://www.pomona.edu/directory/people/michael-zlatin
Gregory Goeckel,Professor,Presbyterian College,https://www.presby.edu/directory/gregory-goeckel/
Olivia Nche,Assistant Professor,Presbyterian College,https://www.presby.edu/directory/olivia-nche/
Marc Ordower,Associate Professor,Randolph College,
Brad Spendlove,Assistant Professor,Randolph College,
Jia Wan,Associate Professor,Randolph College,
Rance Necaise,Associate Professor,Randolph-Macon College,https://www.rmc.edu/profile/rance-necaise/
Maha Elouni,Assistant Professor,Randolph-Macon College,https://www.rmc.edu/profile/maha-elouni/
Robin M. Givens,Associate Professor,Randolph-Macon College,https://www.rmc.edu/profile/robin-m-givens/
Samuel Henry,Assistant Professor,Randolph-Macon College,https://www.rmc.edu/profile/samuel-henry/
John W. McManus,Associate Professor,Randolph-Macon College,https://www.rmc.edu/profile/john-mcmanus/
La Toria H. Tookes,Senior Lecturer,Randolph-Macon College,https://www.rmc.edu/profile/la-toria-h-tookes/
Greg Anderson,Assistant Professor,Reed College,https://people.reed.edu/~grega/
Erica Blum,Assistant Professor,Reed College,
Jim Fix,Professor,Reed College,https://people.reed.edu/%7ejimfix
Adam Groce,Associate Professor,Reed College,https://people.reed.edu/~agroce/
Harper Knittel,Assistant Professor,Reed College,
Charles McGuffey,Assistant Professor,Reed College,
Mark Cooper,Adjunct Assistant Professor,Rhodes College,https://thedatabrains.com/
Jace King,Visiting Assistant Professor,Rhodes College,https://www.rhodes.edu/bio/jace-king
Phillip Kirlin,Associate Professor,Rhodes College,http://www.cs.rhodes.edu/~kirlinp
Sean Kugele,Assistant Professor,Rhodes College,https://www.rhodes.edu/bio/sean-kugele
Brian Larkins,Associate Professor,Rhodes College,https://www.rhodes.edu/bio/d-brian-larkins
Betsy Sanders,Professor,Rhodes College,https://www.rhodes.edu/bio/betsy-sanders
Addison Schwamb,Assistant Professor,Rhodes College,https://addison-schwamb.github.io
Matt Superdock,Assistant Professor,Rhodes College,https://www.cs.rhodes.edu/~superdockm/
Durell Bouchard,Associate Professor,Roanoke College,https://www.roanoke.edu/profiles/bouchard_durell
Anil Shende,Professor,Roanoke College,https://www.roanoke.edu/profiles/shende_anil
Wale Sekoni,Assistant Professor,Roanoke College,https://www.roanoke.edu/profiles/sekoni_adewale
Rajesh Prasad,Associate Professor,Saint Anselm College,https://www.anselm.edu/about/campus-directory/rajesh-prasad
Adam Albina,Assistant Professor,Saint Anselm College,https://www.anselm.edu/about/campus-directory/adam-albina
Michael Huelsman,Assistant Professor,Saint Anselm College,https://www.anselm.edu/about/campus-directory/michael-huelsman
Mitra Mohtarami,Assistant Professor,Saint Anselm College,https://www.anselm.edu/about/campus-directory/mitra-mohtarami-phd
Bradford Demarest,Assistant Professor,Saint Michael's College,https://www.smcvt.edu/directories/employee-directory/bradford-demarest/
Greta Pangborn,Associate Professor,Saint Michael's College,https://www.smcvt.edu/directories/employee-directory/greta-pangborn/
Nelson Dellis,Visiting Assistant Professor,Skidmore College,https://www.skidmore.edu/computer-science/faculty/nelson-dellis.php
Wenlu Du,Assistant Professor,Skidmore College,https://www.skidmore.edu/computer-science/faculty/wenlu-du.php
Michael Eckmann,Associate Professor,Skidmore College,https://www.skidmore.edu/computer-science/faculty/michael-eckmann.php
Thomas O'Connell,Associate Professor,Skidmore College,https://www.skidmore.edu/computer-science/faculty/thomas-oconnell.php
Aarathi Prasad,Associate Professor,Skidmore College,https://www.skidmore.edu/computer-science/faculty/aarathi-prasad.php
David Read,Associate Teaching Professor,Skidmore College,https://www.skidmore.edu/computer-science/faculty/david-read.php
Christine Reilly,Associate Professor,Skidmore College,https://www.skidmore.edu/computer-science/faculty/christine-reilly.php
Esma Wali,Visiting Assistant Professor,Skidmore College,https://www.skidmore.edu/computer-science/faculty/esma-wali.php
Johanna Brewer,Assistant Professor,Smith College,https://www.smith.edu/people/johanna-brewer
Shinyoung Cho,Assistant Professor,Smith College,https://www.smith.edu/people/shinyoung-cho
R. Jordan Crouser,Associate Professor,Smith College,https://www.smith.edu/people/r-jordan-crouser
Pablo Frank Bolton,Lecturer,Smith College,https://www.smith.edu/people/pablo-frank-bolton
Hia Ghosh,Lecturer,Smith College,https://www.smith.edu/people/hia-ghosh
Nicholas Howe,Professor,Smith College,https://www.smith.edu/people/nicholas-howe
Katherine M. Kinnaird,Associate Professor,Smith College,https://www.smith.edu/people/katherine-m-kinnaird
Jamie Macbeth,Associate Professor,Smith College,https://www.smith.edu/people/jamie-macbeth
Ab Mosca,Visiting Assistant Professor,Smith College,https://www.smith.edu/people/ab-mosca
Halie Rando,Assistant Professor,Smith College,https://www.smith.edu/people/halie-rando
Michael Robson,Assistant Professor,Smith College,https://www.smith.edu/people/michael-robson
Ileana Streinu,Professor,Smith College,https://www.smith.edu/people/ileana-streinu
Ammon Hepworth,Assistant Professor,Southern Virginia University,
Barbara M. Anthony,Professor,Southwestern University,https://www.southwestern.edu/live/profiles/25773-
Arjun Chandrasekhar,Assistant Professor,Southwestern University,https://www.southwestern.edu/live/profiles/42471-arjun-chandrasekhar
Jacob Schrum,Associate Professor,Southwestern University,https://www.southwestern.edu/live/profiles/25770-
Kevin A. Angstadt,Associate Professor,St. Lawrence University,https://www.stlawu.edu/people/dr-kevin-angstadt
Daniel Condon,Assistant Professor,St. Lawrence University,https://www.stlawu.edu/people/daniel-condon
Gabriel Dorfsman-Hopkins,Assistant Professor,St. Lawrence University,https://www.stlawu.edu/people/gabriel-dorfsman-hopkins
A.J. Dykstra,Lecturer,St. Lawrence University,https://www.stlawu.edu/people/aj-dykstra
Ed Harcourt,Professor,St. Lawrence University,https://www.stlawu.edu/people/dr-ed-harcourt
Matt Higham,Associate Professor,St. Lawrence University,https://www.stlawu.edu/people/matt-higham
Choong-Soo Lee,Associate Professor,St. Lawrence University,https://www.stlawu.edu/people/choong-soo-lee
Leiyue Li,Assistant Professor,St. Lawrence University,https://www.stlawu.edu/people/leiyue-li
Patti Frazer Lock,Professor,St. Lawrence University,https://www.stlawu.edu/people/patti-frazer-lock
Robin Lock,Professor,St. Lawrence University,https://www.stlawu.edu/people/robin-lock
Lisa Torrey,Associate Professor,St. Lawrence University,https://www.stlawu.edu/people/lisa-torrey
Maegan K. Bos,Associate Professor,St. Lawrence University,https://www.stlawu.edu/people/dr-maegan-k-bos
Michael Schuckers,Professor,St. Lawrence University,https://www.stlawu.edu/people/michael-schuckers
Emily Barranca,Assistant Professor,St. Mary's College of Maryland,https://inside.smcm.edu/directory/emily-barranca
Sayan Goswami,Assistant Professor,St. Mary's College of Maryland,https://inside.smcm.edu/directory/sayan-goswami
Simon Read,Associate Professor,St. Mary's College of Maryland,https://inside.smcm.edu/directory/simon-read
Waqar Saleem,Associate Professor,St. Mary's College of Maryland,https://inside.smcm.edu/directory/waqar-saleem
Muhieddine Shebaro,Visiting Assistant Professor,St. Mary's College of Maryland,https://inside.smcm.edu/directory/muhieddine-shebaro
Bob Tracy,Adjunct Instructor,St. Mary's College of Maryland,https://inside.smcm.edu/directory/bob-tracy
Richard Young,Adjunct Professor,St. Mary's College of Maryland,https://inside.smcm.edu/directory/richard-rick-young
Seth Meyer,Professor,St. Norbert College,https://www.snc.edu/academics/faculty/seth-meyer
Olaf Hall-Holt,Associate Professor,St. Olaf College,https://www.stolaf.edu/profile/olaf
Ryota Matsuura,Professor,St. Olaf College,https://www.stolaf.edu/profile/matsuura
Sharmishtha Dutta,Assistant Professor,Stonehill College,https://www.stonehill.edu/faculty-staff-directory/details/sharmishtha-dutta/
Hamza M. Elhamdadi,Assistant Professor,Stonehill College,https://www.stonehill.edu/faculty-staff-directory/details/hamza-m-elhamdadi/
Samuel Goree,Assistant Professor,Stonehill College,https://www.stonehill.edu/faculty-staff-directory/details/samuel-goree/
Jeffrey Graham,Associate Professor,Susquehanna University,https://www.susqu.edu/profiles/graham/
Alathea Jensen,Associate Professor,Susquehanna University,https://www.susqu.edu/profiles/jensena/
Edisanter Lo,Professor,Susquehanna University,https://www.susqu.edu/profiles/loe/
Steven Scheirer,Assistant Professor,Susquehanna University,https://www.susqu.edu/profiles/scheirer/
Anusha Veluswamy,Assistant Professor,Susquehanna University,https://www.susqu.edu/profiles/veluswamy/
Alexander Wilce,Professor,Susquehanna University,https://www.susqu.edu/profiles/wilce/
Kevin Webb,Associate Professor,Swarthmore College,https://www.cs.swarthmore.edu/~kwebb/
Joshua Brody,Associate Professor,Swarthmore College,https://www.cs.swarthmore.edu/~brody/
Vasanta Chaganti,Associate Professor,Swarthmore College,https://www.cs.swarthmore.edu/~chaganti
Andrew Danner,Professor,Swarthmore College,https://www.cs.swarthmore.edu/~adanner/
Lila Fontes,Associate Professor,Swarthmore College,https://www.cs.swarthmore.edu/~fontes
Nathaniel Grammel,Visiting Assistant Professor,Swarthmore College,https://www.swarthmore.edu/profile/nathaniel-grammel
Gabriel Hope,Visiting Assistant Professor,Swarthmore College,
Neil Lutz,Visiting Assistant Professor,Swarthmore College,https://neillutz.com/
Ben Mitchell,Assistant Professor,Swarthmore College,https://www.cs.swarthmore.edu/~mitchell
Tia Newhall,Professor,Swarthmore College,https://www.cs.swarthmore.edu/~newhall/
Keith O'Hara,Associate Professor,Swarthmore College,https://drablab.org/keithohara/
Zachary Palmer,Associate Professor,Swarthmore College,https://www.cs.swarthmore.edu/~zpalmer/
Ameet Soni,Associate Professor,Swarthmore College,https://www.cs.swarthmore.edu/~soni/
Sukrit Venkatagiri,Assistant Professor,Swarthmore College,http://sukritv.com/
Ranysha Ware,Assistant Professor,Swarthmore College,https://www.swarthmore.edu/profile/ray-ware
Rich Wicentowski,Professor,Swarthmore College,https://www.cs.swarthmore.edu/~richardw/
Charlie Kazer,Lab Instructor,Swarthmore College,https://www.cs.swarthmore.edu/~ckazer
Marcus Brumfield,Assistant Professor,Tougaloo College,
Bobby England,Professor,Transylvania University,https://www.transy.edu/academics/faculty/rengland/
Kenny Moorman,Professor,Transylvania University,https://www.transy.edu/academics/faculty/kmoorman/
Ewa Syta,Associate Professor,Trinity College,https://internet3.trincoll.edu/facProfiles/Default.aspx?fid=1480311
Chandranil Chakraborttii,Assistant Professor,Trinity College,https://internet3.trincoll.edu/facProfiles/Default.aspx?fid=1480870
Maminur Islam,Assistant Professor,Trinity College,https://internet3.trincoll.edu/facProfiles/Default.aspx?fid=1480894
Jonathan Johnson,Visiting Lecturer,Trinity College,https://internet3.trincoll.edu/facProfiles/Default.aspx?fid=1480981
Takunari Miyazaki,Associate Professor,Trinity College,https://internet3.trincoll.edu/facProfiles/Default.aspx?fid=1018181
Madalene Spezialetti,Associate Professor,Trinity College,https://internet3.trincoll.edu/facProfiles/Default.aspx?fid=1000586
Peter A. Yoon,Professor,Trinity College,https://internet3.trincoll.edu/facProfiles/Default.aspx?fid=1015999
Paul Myers,Professor,Trinity University,https://www.trinity.edu/directory/pmyers
Zeyu Chen,Visiting Assistant Professor,Trinity University,https://www.trinity.edu/directory/zchen
Eduardo Davalos Anaya,Assistant Professor,Trinity University,https://www.trinity.edu/directory/davalosedu515
Seth Fogarty,Associate Professor,Trinity University,https://www.trinity.edu/directory/sfogarty
Matthew Hibbs,Associate Professor,Trinity University,https://www.trinity.edu/directory/mhibbs
Britton Horn,Assistant Professor,Trinity University,https://www.trinity.edu/directory/bhorn
Johanna Jacob,Assistant Professor,Trinity University,https://www.trinity.edu/directory/jjacob1
Sheng Tan,Associate Professor,Trinity University,https://www.trinity.edu/directory/stan
Eva Tuba,Assistant Professor,Trinity University,https://www.trinity.edu/directory/etuba
Yu Zhang,Professor,Trinity University,https://www.trinity.edu/directory/yzhang
Matt Anderson,Associate Professor,Union College (NY),https://www.union.edu/computer-science/faculty-staff/matthew-anderson
Aaron Cass,Associate Professor,Union College (NY),https://www.union.edu/computer-science/faculty-staff/aaron-cass
Georgia Doing,Visiting Assistant Professor,Union College (NY),https://www.union.edu/computer-science/faculty-staff/georgia-doing
Chris Fernandes,Professor,Union College (NY),https://www.union.edu/computer-science/faculty-staff/chris-st-fernandes
Shruti Mahajan,Assistant Professor,Union College (NY),https://www.union.edu/computer-science/faculty-staff/shruti-mahajan
John Rieffel,Professor,Union College (NY),https://www.union.edu/computer-science/faculty-staff/john-rieffel
TJ Schlueter,Visiting Assistant Professor,Union College (NY),https://www.union.edu/computer-science/faculty-staff/tj-schlueter
Kristina Striegnitz,Associate Professor,Union College (NY),https://www.union.edu/computer-science/faculty-staff/kristina-striegnitz
Arjun Viswanathan,Visiting Assistant Professor,Union College (NY),https://www.union.edu/computer-science/faculty-staff/arjun-viswanathan
Nick Webb,Associate Professor,Union College (NY),https://www.union.edu/computer-science/faculty-staff/nick-webb
Jennifer Polack,Professor,University of Mary Washington,http://www.jenpolack.com/
Karen Anewalt,Professor,University of Mary Washington,http://www.umw.edu/directory/employee/karen-anewalt/
Stephen Davies,Professor,University of Mary Washington,http://stephendavies.org/
Andrew Marshall,Associate Professor,University of Mary Washington,https://www.marshallandrew.net/
Ian Finlayson,Lecturer,University of Mary Washington,http://ianfinlayson.net/
Ian Finlayson,Associate Professor,University of Mary Washington,http://ianfinlayson.net/
Xin-Wen Wu,Associate Professor,University of Mary Washington,https://xinwenwu.net/
Jessica Zeitz,Associate Professor,University of Mary Washington,http://www.umw.edu/directory/employee/jessica-self-jzeitz/
Prashant Chandrasekar,Assistant Professor,University of Mary Washington,http://www.umw.edu/directory/employee/prashant-chandrasekar-pchandra/
Evan Coleman,Assistant Professor,University of Mary Washington,http://www.evan-c-coleman.com
Josh Clements,Lecturer,University of Mary Washington,https://www.umw.edu/directory/employee/joshua-clements-jclemen4/
Gusty Cooper,Lecturer,University of Mary Washington,http://gusty.bike/
Peter Dolan,Associate Professor,University of Minnesota Morris,https://morris.umn.edu/directory/peter-dolan
Wenkai Guan,Assistant Professor,University of Minnesota Morris,https://morris.umn.edu/directory/wenkai-guan
Kristin Lamberty,Associate Professor,University of Minnesota Morris,https://morris.umn.edu/directory/kristin-lamberty
Elena Machkasova,Associate Professor,University of Minnesota Morris,https://morris.umn.edu/directory/elena-machkasova
Nic McPhee,Professor,University of Minnesota Morris,https://morris.umn.edu/directory/nic-mcphee
Computer Science Department,Lecturer,University of North Carolina Asheville,https://go.unca.edu/cs
Why Study Computer Science at Asheville?,Lecturer,University of North Carolina Asheville,https://go.unca.edu/cs/#faq
Computer Science Department Faculty,Lecturer,University of North Carolina Asheville,https://go.unca.edu/faculty/susan-reiser/
Kevin Sanft,Lecturer,University of North Carolina Asheville,https://go.unca.edu/faculty/kevin-sanft-ph-d/
Kevin Sanft,Professor,University of North Carolina Asheville,https://go.unca.edu/faculty/kevin-sanft-ph-d/
Marietta Cameron,Professor,University of North Carolina Asheville,https://go.unca.edu/faculty/marietta-cameron-ph-d/
Kenneth Bogert,Associate Professor,University of North Carolina Asheville,https://go.unca.edu/faculty/kenneth-bogert-ph-d/
Farzana Rashid,Assistant Professor,University of North Carolina Asheville,https://go.unca.edu/faculty/farzana-rashid-ph-d/
Michael Sarris,Lecturer,University of North Carolina Asheville,https://go.unca.edu/faculty/michael-sarris/
Sarah Van Wart,Assistant Professor,University of North Carolina Asheville,https://go.unca.edu/faculty/sarah-van-wart/
Adam Whitley,Assistant Professor,University of North Carolina Asheville,https://go.unca.edu/faculty/adam-whitley-ph-d/
Baha Alsaify,Visiting Assistant Professor,University of Puget Sound,https://www.pugetsound.edu/directory/baha-alsaify
America Chambers,Associate Professor,University of Puget Sound,https://www.pugetsound.edu/directory/america-chambers
Sunita Chepuri,Assistant Professor,University of Puget Sound,https://www.pugetsound.edu/directory/sunita-chepuri
David Chiu,Professor,University of Puget Sound,https://www.pugetsound.edu/directory/david-chiu
Cynthia Gibson,Visiting Assistant Professor,University of Puget Sound,https://www.pugetsound.edu/directory/cynthia-gibson
Sara Johnson,Visiting Assistant Professor,University of Puget Sound,https://www.pugetsound.edu/directory/sara-johnson-0
Marissa Masden,Assistant Professor,University of Puget Sound,https://www.pugetsound.edu/directory/marissa-masden
Alison Paradise,Instructor,University of Puget Sound,https://www.pugetsound.edu/directory/alison-paradise
Jake Price,Associate Professor,University of Puget Sound,https://www.pugetsound.edu/directory/jake-price
Adam Smith,Associate Professor,University of Puget Sound,https://www.pugetsound.edu/directory/adam-smith
Maddie Weinstein,Assistant Professor,University of Puget Sound,https://www.pugetsound.edu/directory/maddie-weinstein
Douglas Szajda,Associate Professor,University of Richmond,https://cs.richmond.edu/faculty/dszajda/
Prateek Bhakta,Associate Professor,University of Richmond,https://cs.richmond.edu/faculty/pbhakta/
M Charity,Assistant Professor,University of Richmond,https://cs.richmond.edu/faculty/mcharit2/
Arthur Charlesworth,Professor,University of Richmond,https://cs.richmond.edu/faculty/acharles/
Catherine Finegan-Dollak,Assistant Professor,University of Richmond,https://cs.richmond.edu/faculty/cfinegan/
Yucong Jiang,Associate Professor,University of Richmond,https://cs.richmond.edu/faculty/yjiang3/
Patrick Martin,Assistant Professor,University of Richmond,https://cs.richmond.edu/faculty/pmartin2/
Mmachi Obiorah,Assistant Professor,University of Richmond,https://cs.richmond.edu/faculty/mobiorah/
Joonsuk Park,Associate Professor,University of Richmond,https://cs.richmond.edu/faculty/jpark/
William F. Prior,Adjunct Instructor,University of Richmond,https://cs.richmond.edu/faculty/wprior/
Shweta Ware,Associate Professor,University of Richmond,https://cs.richmond.edu/faculty/sware/
Catherine Cavagnaro,Professor,The University of the South,https://new.sewanee.edu/our-faculty-staff/catherine-cavagnaro/
Stephen Carl,Associate Professor,The University of the South,https://new.sewanee.edu/our-faculty-staff/stephen-carl/
Ross Sowell,Associate Professor,The University of the South,https://new.sewanee.edu/our-faculty-staff/ross-sowell/
Karen Carter,Associate Professor,University of Virginia--Wise,https://www.uvawise.edu/directory/karen-carter
Alex Edwards,Adjunct Instructor,University of Virginia--Wise,https://www.uvawise.edu/directory/alex-edwards
David Frazier,Senior Instructor,University of Virginia--Wise,https://www.uvawise.edu/directory/david-frazier
Robert Hatch,Associate Professor,University of Virginia--Wise,https://www.uvawise.edu/directory/robert-hatch
Shilpa Lakhanpal,Assistant Professor,University of Virginia--Wise,https://www.uvawise.edu/directory/shilpa-lakhanpal
Jacob Somervell,Professor,University of Virginia--Wise,https://www.uvawise.edu/directory/jacob-somervell
Nicholas Scoville,Professor,Ursinus College,https://www.ursinus.edu/live/profiles/132-nicholas-scoville
Susan Adam,Instructor,Ursinus College,https://www.ursinus.edu/live/profiles/2106-susan-adam
David Henry,Instructor,Ursinus College,https://www.ursinus.edu/live/profiles/7357-david-henry
Olena Kozhushkina,Associate Professor,Ursinus College,https://www.ursinus.edu/live/profiles/2451-olena-kozhushkina
William Mongan,Associate Professor,Ursinus College,https://www.ursinus.edu/live/profiles/5313-william-mongan
Leslie New,Associate Professor,Ursinus College,https://www.ursinus.edu/live/profiles/5902-leslie-new
Christopher Sadowski,Associate Professor,Ursinus College,https://www.ursinus.edu/live/profiles/650-christopher-sadowski
Eric Mawuena Takyi,Assistant Professor,Ursinus College,https://www.ursinus.edu/live/profiles/5935-eric-takyi
Jason Waterman,Associate Professor,Vassar College,https://www.vassar.edu/faculty/jawaterman
Jacob Erickson,Visiting Assistant Professor,Vassar College,https://www.vassar.edu/faculty/jerickson
Anna Gommerstadt,Assistant Professor,Vassar College,https://www.vassar.edu/faculty/hgommerstadt
Jonathan Gordon,Assistant Professor,Vassar College,https://www.vassar.edu/faculty/jgordon
Luke Hunsberger,Professor,Vassar College,https://www.vassar.edu/faculty/hunsberger
Peter Lemieszewski,Visiting Assistant Professor,Vassar College,https://www.vassar.edu/faculty/pelemieszewski
Heather Newman,Assistant Professor,Vassar College,https://www.vassar.edu/faculty/hnewman
Rui Manuel Pacheco Meireles,Assistant Professor,Vassar College,https://www.vassar.edu/faculty/rpachecomeireles
Marc L. Smith,Professor,Vassar College,https://www.vassar.edu/faculty/mlsmith
Logan Stapleton,Assistant Professor,Vassar College,https://www.vassar.edu/faculty/lstapleton
Abdullah Al-Alaj,Assistant Professor,Virginia Wesleyan University,https://www.vwu.edu/academics/majors/computer-science/meet-the-faculty.php?person=0725253
Zizhong J. Wang,Professor,Virginia Wesleyan University,https://www.vwu.edu/academics/majors/computer-science/meet-the-faculty.php?person=0161619
Qixin Deng,Assistant Professor,Wabash College,https://www.wabash.edu/academics/computer_science/
Colin McKinney,Associate Professor,Wabash College,https://www.wabash.edu/academics/computer_science/
William J. Turner,Associate Professor,Wabash College,https://www.linkedin.com/in/wjturner/
Chad Westphal,Professor,Wabash College,https://www.wabash.edu/academics/computer_science/
Ryeongkyung Yoon,Assistant Professor,Wabash College,https://www.wabash.edu/academics/computer_science/
Jim Jacobs,Assistant Professor,Wartburg College,https://www.wartburg.edu/people/jim-jacobs/
Terry Letsche,Associate Professor,Wartburg College,https://www.wartburg.edu/people/terry-letsche/
Sara Sprenkle,Associate Professor,Washington and Lee University,https://www.wlu.edu/computer-science-department/profile/sprenkle-sara
Sana Habib,Visiting Assistant Professor,Washington and Lee University,https://www.wlu.edu/computer-science-department/profile/habib-sana
Simon Levy,Professor,Washington and Lee University,https://www.wlu.edu/computer-science-department/profile/levy-simon
Kefu Lu,Associate Professor,Washington and Lee University,https://www.wlu.edu/computer-science-department/profile/lu-kefu
Elizabeth Matthews,Associate Professor,Washington and Lee University,https://www.wlu.edu/computer-science-department/profile/matthews-elizabeth
Austin Lobo,Associate Professor,Washington College,https://www.washcoll.edu/people_departments/faculty/alobo2.php
Shaun Ramsey,Professor,Washington College,https://www.washcoll.edu/people_departments/faculty/sramsey2.php
Heather Switzer,Assistant Professor,Washington College,https://www.washcoll.edu/people_departments/faculty/hswitzer2.php
Charles Hannon,Professor,Washington & Jefferson College,https://www.washjeff.edu/person/charles-t-hannon-ph-d/
Amanda Holland-Minkley,Professor,Washington & Jefferson College,https://www.washjeff.edu/person/amanda-holland-minkley-ph-d/
John Ladd,Assistant Professor,Washington & Jefferson College,https://www.washjeff.edu/person/john-ladd/
Rebecca Rapp,Assistant Professor,Washington & Jefferson College,https://www.washjeff.edu/person/rebecca-rapp/
Carolyn Anderson,Assistant Professor,Wellesley College,https://www.wellesley.edu/people/carolyn-anderson
Scott Anderson,Associate Teaching Professor,Wellesley College,https://www.wellesley.edu/people/scott-anderson
Christine Bassem,Associate Professor,Wellesley College,https://www.wellesley.edu/people/christin-bassem
Brian Brubach,Assistant Professor,Wellesley College,https://www.wellesley.edu/people/brian-brubach
Vinitha Gadiraju,Assistant Professor,Wellesley College,https://www.wellesley.edu/people/vinitha-gadiraju
Catherine Grevet Delcourt,Associate Professor,Wellesley College,https://www.wellesley.edu/people/catherine-grevet-delcourt
Stella Kakavouli,Associate Teaching Professor,Wellesley College,https://www.wellesley.edu/people/stella-kakavouli
Peter Mawhorter,Associate Teaching Professor,Wellesley College,https://www.wellesley.edu/people/peter-mawhorter
Sara Melnick,Assistant Teaching Professor,Wellesley College,https://www.wellesley.edu/people/sara-melnick
Panagiotis Metaxas,Professor,Wellesley College,https://www.wellesley.edu/people/panagiotis-metaxas
Eni Mustafaraj,Associate Professor,Wellesley College,https://www.wellesley.edu/people/eni-mustafaraj
Smaranda Sandu,Assistant Teaching Professor,Wellesley College,https://www.wellesley.edu/people/ana-smaranda-sandu
Orit Shaer,Professor,Wellesley College,https://www.wellesley.edu/people/orit-shaer
Brian Tjaden,Professor,Wellesley College,https://www.wellesley.edu/people/brian-tjaden
Franklyn Turbak,Associate Professor,Wellesley College,https://www.wellesley.edu/people/franklyn-turbak
Jordan Tynes,Assistant Teaching Professor,Wellesley College,https://www.wellesley.edu/people/jordan-tynes
Alexa VanHattum,Assistant Professor,Wellesley College,https://www.wellesley.edu/people/alexa-vanhattum
Yaniv Yacoby,Assistant Professor,Wellesley College,https://www.wellesley.edu/people/yaniv-yacoby
Norman Danner,Professor,Wesleyan University,https://ndanner-wesleyancs.gitlab.io/website
Daniel Krizanc,Professor,Wesleyan University,http://dkrizanc.web.wesleyan.edu
Dan Licata,Associate Professor,Wesleyan University,https://dlicata.wescreates.wesleyan.edu
James Lipton,Professor,Wesleyan University,http://jlipton.web.wesleyan.edu
Yuxuan Mei,Assistant Professor,Wesleyan University,https://ymei.wescreates.wesleyan.edu/
Sonia Roberts,Assistant Professor,Wesleyan University,http://www.soniarobots.com
Sebastian Zimmeck,Associate Professor,Wesleyan University,https://sebastianzimmeck.de/
Wai Kiu Chan,Professor,Wesleyan University,https://wkchan.faculty.wesleyan.edu/
Victoria Ursula Manfredi,Associate Professor,Wesleyan University,https://victoriamanfredi.com
John P. Bonomo,Professor,Westminster College (PA),https://www.westminster.edu/profile.cfm?bonomojp
Adam M. Blumenthal,Assistant Professor,Westminster College (PA),https://sites.google.com/view/ablumenthal/
Natacha Fontes Merz,Associate Professor,Westminster College (PA),https://www.westminster.edu/profile.cfm?fontesnc
Heather Muchowski,Assistant Professor,Westminster College (PA),https://www.westminster.edu/profile.cfm?muchowh
Hyunju Kim,Associate Professor,Wheaton College (IL),https://www.wheaton.edu/academics/faculty/hyunju-kim/
Devin Pohly,Senior Lecturer,Wheaton College (IL),https://www.wheaton.edu/academics/faculty/devin-pohly/
Thomas VanDrunen,Professor,Wheaton College (IL),https://www.wheaton.edu/academics/faculty/thomas-vandrunen/
Nicholas Almeder,Visiting Instructor,Wheaton College (MA),https://departments.wheatoncollege.edu/faculty/nicholas-almeder/
Michael B. Gousie,Professor,Wheaton College (MA),https://departments.wheatoncollege.edu/faculty/michael-b-gousie/
Mark D. LeBlanc,Professor,Wheaton College (MA),https://departments.wheatoncollege.edu/faculty/mark-d-leblanc/
Tony Tong,Assistant Professor,Wheaton College (MA),https://departments.wheatoncollege.edu/faculty/tong-zhou/
William Bares,Associate Professor,Whitman College,https://www.whitman.edu/academics/majors-and-programs/computer-science/faculty-and-staff/william-bares
Janet Davis,Professor,Whitman College,https://www.whitman.edu/academics/majors-and-programs/computer-science/faculty-and-staff/janet-davis
Richard Torres Molina,Visiting Instructor,Whitman College,https://www.whitman.edu/academics/majors-and-programs/computer-science/faculty-and-staff/richard-torres-molina
Sachintha Pitigala,Visiting Assistant Professor,Whitman College,https://www.whitman.edu/academics/majors-and-programs/computer-science/faculty-and-staff/sachintha-pitigala
John Stratton,Associate Professor,Whitman College,https://www.whitman.edu/academics/majors-and-programs/computer-science/faculty-and-staff/john-stratton
Jordan Wirfs-Brock,Assistant Professor,Whitman College,https://www.whitman.edu/academics/majors-and-programs/computer-science/faculty-and-staff/jordan-wirfs-brock
Fred Agbo,Assistant Professor,Willamette University,https://my.willamette.edu/people/fjagbo
Rachel A Brown,Assistant Professor,Willamette University,https://my.willamette.edu/people/rabrown3
Haiyan Cheng,Professor,Willamette University,https://my.willamette.edu/people/hcheng
Calvin K Deutschbein,Assistant Professor,Willamette University,https://my.willamette.edu/people/ckdeutschbein
Kristen Gore,Assistant Professor,Willamette University,https://my.willamette.edu/people/kgore
Hank Ibser,Associate Professor,Willamette University,https://my.willamette.edu/people/hibser
Heather Kitada Smalley,Associate Professor,Willamette University,https://my.willamette.edu/people/hsmalley
Zechariah D Meunier,Assistant Professor,Willamette University,https://my.willamette.edu/people/zdmeunier
Jed Rembold,Associate Professor,Willamette University,https://my.willamette.edu/people/jjrembold
Hendrik Orem,Assistant Professor,Willamette University,https://my.willamette.edu/people/horem
Jeannie Albrecht,Professor,Williams College,http://cs.williams.edu/~jeannie/
Daniel Barowy,Associate Professor,Williams College,http://cs.williams.edu/~dbarowy/
James Bern,Assistant Professor,Williams College,https://james-bern.github.io/
Rohit Bhattacharya,Assistant Professor,Williams College,https://rohit-bhattacharya.com/
Stephen N. Freund,Professor,Williams College,http://cs.williams.edu/~freund/
Mark Hopkins,Associate Professor,Williams College,http://markandrewhopkins.com
Iris Howley,Assistant Professor,Williams College,http://cs.williams.edu/~iris/
William Jannen,Associate Professor,Williams College,http://www.cs.williams.edu/~jannen/
Katie Keith,Assistant Professor,Williams College,https://kakeith.github.io/
Samuel McCauley,Associate Professor,Williams College,http://mccauleysam.com/
John Parker,Visiting Professor,Williams College,https://jparker25.github.io/
Kelly Shaw,Professor,Williams College,http://cs.williams.edu/~kshaw/
Shikha Singh,Associate Professor,Williams College,https://www.cs.williams.edu/~shikha/
Aaron Williams,Associate Professor,Williams College,https://sites.google.com/williams.edu/aaron
Sunday Ngwobia,Assistant Professor,Wittenberg University,https://www.wittenberg.edu/academics/computerscience/sunday-ngwobia-phd
Theresa Wilson,Professor of Practice,Wittenberg University,https://www.wittenberg.edu/academics/computerscience/theresa-wilson-phd
Beau M. Christ,Associate Professor,Wofford College,https://www.wofford.edu/academics/majors-and-programs/computer-science/faculty-and-staff#ChristBeau
Aaron L. Garrett,Associate Professor,Wofford College,https://www.wofford.edu/academics/majors-and-programs/computer-science/faculty-and-staff#GarrettAaron
Nicole Tobias,Assistant Professor,Wofford College,
