name,title,college,openalex_id,openalex_citedby,openalex_hindex,openalex_i10index
Mark E. Bollman,Professor,Albion College,A5037066402,25,2,1
Tim Clark,Associate Professor,Albion College,,,,
April Grow,Lecturer,Albion College,,,,
Christopher Grow,Visiting Instructor,Albion College,,,,
Mauricio Marengoni,Associate Professor,Albion College,A5001535161,855,11,11
Darren E. Mason,Professor,Albion College,,,,
David A. Reimann,Professor,Albion College,A5045511438,1268,9,8
Yuming Zhang,Assistant Professor,Albion College,,,,
Don Baldridge,Assistant Professor,Albright College,,,,
Dave Kaul,Assistant Professor,Albright College,,,,
David Kopec,Professor,Albright College,,,,
Oliver Bonham-Carter,Associate Professor,Allegheny College,A5028954340,293,6,3
Janyl Jumadinova,Associate Professor,Allegheny College,A5000881185,137,6,5
Gregory Kapfhammer,Associate Professor,Allegheny College,A5084185098,1966,23,51
Douglas Luman,Assistant Professor,Allegheny College,A5133591354,0,0,0
Scott P. Alfeld,Associate Professor,Amherst College,A5047473680,491,7,5
Kristy Gardner,Associate Professor,Amherst College,A5033686434,752,13,17
Scott F. Kaplan,Professor,Amherst College,A5042688944,749,12,12
Myroslav Kryven,Assistant Professor,Amherst College,,,,
Lillian C. Pentecost,Assistant Professor,Amherst College,A5086251333,865,10,11
John E. Rager,Professor,Amherst College,A5026126307,23,3,0
Matteo Riondato,Associate Professor,Amherst College,A5021368473,1454,19,31
Lee Spector,Professor,Amherst College,A5044142640,6011,41,112
Shira B. Wein,Assistant Professor,Amherst College,A5075058724,43,3,1
Andrew Wu,Assistant Professor,Amherst College,A5104025066,135,6,4
Robert Dickerson,Assistant Professor,Augustana College,,,,
Zhengyi Li,Assistant Professor,Augustana College,,,,
Bob Manasco,Instructor,Augustana College,,,,
Nidhi Mourya,Visiting Instructor,Augustana College,,,,
Diane C. Mueller,Adjunct Assistant Professor,Augustana College,,,,
Brooke Randazzo,Assistant Professor,Augustana College,,,,
Stacey Rodman,Professor,Augustana College,,,,
Forrest J. Stonedahl,Associate Professor,Augustana College,A5066114135,644,10,11
Andrew P. Sward,Associate Professor,Augustana College,A5010396541,87,2,2
Seema Aarella,Assistant Professor,Austin College,A5027629934,49,4,1
Aaron Block,Associate Professor,Austin College,,,,
Michael Higgs,Professor,Austin College,,,,
Samuel Kroger,Assistant Professor,Austin College,,,,
Kerri-Ann Norton,Associate Professor,Bard College,,,,
Sven Anderson,Associate Professor,Bard College,A5020357707,150,7,6
Jordan Ayala,Assistant Professor,Bard College,,,,
Valerie Barr,Professor,Bard College,A5032043719,2326,13,19
Emma Benser,Assistant Professor,Bard College,A5125899104,0,0,0
Theresa Law,Assistant Professor,Bard College,A5000437898,370,8,8
Bob McGrail,Associate Professor,Bard College,,,,
Annabel Rothschild,Assistant Professor,Bard College,A5042180713,104,6,3
Rebecca Wright,Professor,Barnard College,A5056396401,4408,35,63
Smaranda Muresan,Associate Professor,Barnard College,,,,
Ahmer Arif,Assistant Professor,Barnard College,,,,
Eysa Lee,Assistant Professor,Barnard College,A5009945265,428,7,7
Mark Santolucito,Assistant Professor,Barnard College,A5031902968,223,9,9
Lucy Simko,Assistant Professor,Barnard College,A5030968888,316,10,10
Corey Toler-Franklin,Assistant Professor,Barnard College,,,,
Tiffany Tseng,Assistant Professor,Barnard College,A5028065436,407,10,12
Eyad Haj Said,Associate Professor,Beloit College,A5109476947,126,7,3
Katherine Harris,Assistant Professor,Beloit College,A5082261268,3324,8,7
Sohaib Kiani,Assistant Professor,Beloit College,,,,
Tom Stojsavljevic,Assistant Professor,Beloit College,,,,
Ben Stucky,Assistant Professor,Beloit College,A5098921371,1,1,0
Jan Pearce,Professor,Berea College,A5043638663,626,11,13
Jacqueline Boggs,Assistant Professor,Berea College,,,,
Scott Heggen,Associate Professor,Berea College,A5077148168,272,6,4
Jasmine Jones,Associate Professor,Berea College,A5012912262,669,16,19
Mario Nakazawa,Associate Professor,Berea College,A5089825179,73,5,3
Deanna Wilborne,Assistant Professor,Berea College,,,,
Alex Mathew,Associate Professor,Bethany College (WV),,,,
Fujiko Nito,Professor,Bethany College (WV),,,,
Perry Lund,Adjunct Assistant Professor,Bethany Lutheran College,,,,
Sean K. Barker,Associate Professor,Bowdoin College,A5043080680,1091,15,16
David Byrd,Assistant Professor,Bowdoin College,A5110306774,26358,57,114
Jeová Farias,Assistant Professor,Bowdoin College,,,,
Cibele Matos Freire,Assistant Professor,Bowdoin College,,,,
Sarah M. Harmon,Associate Professor,Bowdoin College,A5029261896,85,5,2
Stephen Houser,Adjunct Lecturer,Bowdoin College,,,,
Bobak Kiani,Assistant Professor,Bowdoin College,,,,
Jeffrey Knockel,Assistant Professor,Bowdoin College,A5090676946,1260,17,23
Christopher Martin,Visiting Lecturer,Bowdoin College,,,,
Laura I. Toma,Professor,Bowdoin College,A5103550036,655,14,15
Verne E. Leininger,Associate Professor,Bridgewater College,,,,
Eric McGregor,Associate Professor,Bridgewater College,,,,
Fredrik Bryntesson,Professor,Bryn Athyn College,,,,
Stella Evans,Assistant Professor,Bryn Athyn College,,,,
Thomas Frazier,Lecturer,Bryn Athyn College,,,,
Ellen McKee,Adjunct Professor,Bryn Athyn College,,,,
Ryan Pine,Assistant Professor,Bryn Athyn College,,,,
Elizabeth Hollister Rogers,Professor,Bryn Athyn College,,,,
Neil Simonetti,Professor,Bryn Athyn College,A5047226794,235,5,3
Elizabeth Dinella,Assistant Professor,Bryn Mawr College,A5063180853,253,4,4
Ramesh Garimella,Visiting Professor,Bryn Mawr College,,,,
Aline Normoyle,Assistant Professor,Bryn Mawr College,A5034108921,458,11,11
Adam Poliak,Assistant Professor,Bryn Mawr College,A5032380221,3819,18,25
Michael Wehar,Visiting Assistant Professor,Bryn Mawr College,,,,
Dianna Xu,Professor,Bryn Mawr College,A5113753479,307,11,12
Alan Marchiori,Associate Professor,Bucknell University,A5053248936,623,10,13
Lea Wittie,Associate Professor,Bucknell University,A5024183391,75,5,3
Alexander Fuchsberger,Associate Teaching Professor,Bucknell University,A5040086047,21,3,0
Samuel Gutekunst,Assistant Professor,Bucknell University,A5044065045,25,3,0
Jessen Havill,Professor,Bucknell University,,,,
Brian King,Associate Professor,Bucknell University,A5062573510,419,9,9
Rajesh Kumar,Assistant Professor,Bucknell University,A5101522245,506,8,8
SingChun Lee,Assistant Professor,Bucknell University,A5025454355,581,12,17
Darakhshan Mir,Associate Professor,Bucknell University,A5068511918,456,9,9
Chris Mitsch,Visiting Assistant Professor,Bucknell University,,,,
Luiz Felipe Perrone,Professor,Bucknell University,A5074151199,704,15,17
Swetha Reddy Ravula,Visiting Assistant Professor,Bucknell University,,,,
Lily Romano,Instructor,Bucknell University,,,,
Anne Ross,Assistant Professor,Bucknell University,A5066835164,1110,12,12
Todd Schmid,Assistant Professor,Bucknell University,A5087089457,34,4,0
Joshua Stough,Associate Professor,Bucknell University,A5011342579,872,13,18
Edward Talmage,Associate Professor,Bucknell University,A5043782618,53,4,2
Amy Csizmar Dalal,Professor,Carleton College,A5056822686,106,7,4
Eric Alexander,Associate Professor,Carleton College,A5087042012,301,7,6
Tanya Amert,Assistant Professor,Carleton College,A5090371978,445,9,9
Josh Davis,Senior Lecturer,Carleton College,A5019068125,305,9,8
Chelsey Edge,Assistant Professor,Carleton College,,,,
David Liben-Nowell,Associate Professor,Carleton College,,,,
Anna Meyer,Assistant Professor,Carleton College,,,,
David Musicant,Professor,Carleton College,A5026793345,1632,18,21
Sneha Narayan,Assistant Professor,Carleton College,A5043207926,118,6,3
Layla Oesper,Associate Professor,Carleton College,A5082161675,17308,34,42
Jeff Ondich,Professor,Carleton College,A5008039739,24,2,2
Anna Rafferty,Professor,Carleton College,A5038687622,1832,20,37
Jean Salac,Assistant Professor,Carleton College,A5027116733,362,11,13
Anya Vostinar,Assistant Professor,Carleton College,A5070798686,333,6,5
Robert Franks,Professor,Central College,,,,
Stephen Fyfe,Professor,Central College,A5090733659,23,2,1
Mark Johnson,Professor,Central College,A5034461489,26204,64,213
Thomas E. Allen,Associate Professor,Centre College,A5103442019,43,4,1
William Bailey,Assistant Professor,Centre College,,,,
Michael K. Bradshaw,Professor,Centre College,A5088785197,159,6,5
Dave Toth,Professor,Centre College,,,,
Abdelrahman Desoky,Associate Professor,Claflin University,A5087327461,307,11,11
Karina Liles,Assistant Professor,Claflin University,A5044095068,2557,6,5
Ms. Erika L. Rhett,Lecturer,Claflin University,,,,
Pawar Shrikant,Assistant Professor,Claflin University,,,,
Stephen Hughes,Associate Professor,Coe College,A5109908631,933,16,19
Namrata Saha,Visiting Assistant Professor,Coe College,,,,
Michael Stobb,Associate Professor,Coe College,,,,
Terry Hostetler,Professor,Coe College,,,,
Calvin Van Niewaal,Professor,Coe College,,,,
Stephanie Taylor,Professor,Colby College,A5078189551,9142,38,78
Eric Aaron,Associate Professor,Colby College,A5085664346,373,8,8
Naser Al Madi,Visiting Assistant Professor,Colby College,A5024656415,140,6,3
Max Bender,Assistant Professor,Colby College,,,,
Tahiya Chowdhury,Assistant Professor,Colby College,A5065468004,31,3,0
Stacy Doore,Assistant Professor,Colby College,A5082142554,284,9,8
Allen Harper,Assistant Professor,Colby College,,,,
Ike Lage,Assistant Professor,Colby College,A5051573028,485,9,8
Oliver Layton,Associate Professor,Colby College,A5069341270,442,12,12
Ying Li,Associate Professor,Colby College,A5100414447,214,6,3
Hannen Wolfe,Assistant Professor,Colby College,A5055078057,39,4,1
Noah Apthorpe,Assistant Professor,Colgate University,A5082338011,1111,15,16
Valerie Cucura,Senior Lab Instructor,Colgate University,,,,
Forrest Davis,Assistant Professor,Colgate University,A5056847924,41,3,1
Nicholas Diana,Assistant Professor,Colgate University,A5030975112,260,5,5
Elodie Fourquet,Associate Professor,Colgate University,A5065869457,27,2,1
Aaron Gember-Jacobson,Associate Professor,Colgate University,A5002160728,2430,25,31
Georgiana Haldeman,Assistant Professor,Colgate University,A5012273193,15,3,0
Matt Lyboult,Senior Lab Instructor,Colgate University,,,,
David Perkins,Visiting Assistant Professor,Colgate University,,,,
Grusha Prasad,Assistant Professor,Colgate University,A5012154069,222,8,7
Vijay Ramachandran,Associate Professor,Colgate University,A5103332469,437,10,11
Joel Sommers,Professor,Colgate University,A5077852213,3071,30,42
Katelyn Valete,Lab Instructor,Colgate University,,,,
Puck Wen,Assistant Professor,Colgate University,,,,
Heather Amthauer,Associate Professor,College of St Benedict,,,,
Robert Hesse,Associate Professor,College of St Benedict,,,,
Peter Ohmann,Associate Professor,College of St Benedict,,,,
Imad Rahal,Professor,College of St Benedict,,,,
Vijay Srinivas Tida,Assistant Professor,College of St Benedict,,,,
Srikanth Vemula,Assistant Professor,College of St Benedict,,,,
Eric Ruggieri,Professor,College of the Holy Cross,A5002827461,357,8,7
Alisa DeStefano,Professor,College of the Holy Cross,A5088213881,32,3,0
Wenxin Du,Assistant Professor,College of the Holy Cross,,,,
Zack Fitzsimmons,Associate Professor,College of the Holy Cross,A5046438962,79,4,3
Sharon Frechette,Associate Professor,College of the Holy Cross,A5072986396,148,6,5
Heather Guarnera,Assistant Professor,College of Wooster,A5081402304,188,8,6
Drew Guarnera,Assistant Professor,College of Wooster,,,,
John Musgrave,Visiting Assistant Professor,College of Wooster,A5007218294,394,9,7
Alex Nord,Assistant Professor,College of Wooster,,,,
Dan Palmer,Professor,College of Wooster,A5077194830,1,1,0
Sofia Visa,Professor,College of Wooster,A5088427316,872,9,9
Ike Agbanusi,Assistant Professor,Colorado College,A5078253317,31,1,1
David Brown,Professor,Colorado College,,,,
Janet Burge,Associate Professor,Colorado College,A5021501207,1363,16,26
Danielle Ellsworth,Assistant Professor,Colorado College,A5083362760,205,8,7
Stefan Erickson,Associate Professor,Colorado College,A5089751508,30,3,1
Rebecca Garcia,Professor,Colorado College,A5074834712,62,4,1
Luis David Garcia Puente,Professor,Colorado College,A5005340752,594,12,13
Blake Jackson,Assistant Professor,Colorado College,,,,
Minho Kim,Assistant Professor,Colorado College,,,,
Varsha Koushik,Assistant Professor,Colorado College,A5063836672,279,8,7
Beth Malmskog,Associate Professor,Colorado College,A5078318963,158,6,5
Jane McDougall,Associate Professor,Colorado College,A5002382767,488,4,2
Molly Moran,Associate Professor,Colorado College,A5073449996,46,4,1
Ben Nye,Assistant Professor,Colorado College,A5044071498,196,8,6
Eddie Price,Visiting Assistant Professor,Colorado College,,,,
Flavia Sancier-Barbosa,Associate Professor,Colorado College,,,,
Cory B Scott,Assistant Professor,Colorado College,A5075829832,144,5,2
Mike Siddoway,Professor,Colorado College,A5024949509,11,2,0
Ahmed Kamel,Professor,Concordia College,,,,
Damian Lampl,Assistant Professor,Concordia College,,,,
Gregory Tanner,Associate Professor,Concordia College,,,,
Christine Chung,Professor,Connecticut College,A5005257501,202,7,6
S. James Lee,Associate Professor,Connecticut College,A5100416603,31522,61,230
Timothy Becker,Assistant Professor,Connecticut College,,,,
Stephen Douglass,Associate Professor,Connecticut College,,,,
Ozgur Izmirli,Professor,Connecticut College,,,,
Gary Parker,Professor,Connecticut College,A5014072754,663,12,23
William Tarimo,Assistant Professor,Connecticut College,A5072551791,79,6,2
William Barnes,Adjunct Instructor,Connecticut College,,,,
Thomas Daggett,Adjunct Professor,Connecticut College,,,,
Robert Peitzsch,Adjunct Professor,Connecticut College,,,,
John Schaeffer,Adjunct Instructor,Connecticut College,,,,
Leon Tabak,Professor,Cornell College,,,,
Ajit Chavan,Associate Professor,Cornell College,,,,
Lauren Jepsen,Assistant Professor,Cornell College,,,,
Jeff Humphries,Professor,Covenant College,,,,
Zeyu Zhou,Visiting Assistant Professor,Covenant College,,,,
Raghu Ramanujan,Associate Professor,Davidson College,A5007877912,289,9,8
Matthew Bachmann,Visiting Assistant Professor,Davidson College,,,,
Heather Blake,Associate Professor,Davidson College,A5025176676,10,2,0
Tim Chartier,Professor,Davidson College,A5079664338,454,5,4
Angel Chavez,Assistant Professor,Davidson College,,,,
Laurie Heyer,Associate Professor,Davidson College,A5003136820,2002,15,16
Terrence Lim,Assistant Professor,Davidson College,,,,
Hammurabi Mendes,Associate Professor,Davidson College,A5049822188,387,7,6
Catherine Nemitz,Assistant Professor,Davidson College,A5065938716,53,5,2
Tabitha Peck,Associate Professor,Davidson College,A5090060844,3093,20,23
Jonad Pulaj,Associate Professor,Davidson College,A5070329454,129,3,2
Katy Williams,Assistant Professor,Davidson College,A5006952113,69,5,3
Ana Wright,Assistant Professor,Davidson College,,,,
Carl Yerger,Professor,Davidson College,A5029000112,104,7,4
Yan Zhuang,Associate Professor,Davidson College,A5009698718,3487,28,79
Michael Chavrimootoo,Assistant Professor,Denison University,A5061361547,5,1,0
Flannery Currin,Assistant Professor,Denison University,,,,
Mikey Goldweber,Professor,Denison University,A5001238870,1091,17,27
David Kahn,Assistant Professor,Denison University,,,,
Matt Kretchmar,Professor,Denison University,A5041064703,256,2,2
Ashwin Lall,Professor,Denison University,A5085185917,1157,18,25
Ali Miller,Instructor,Denison University,,,,
Stacey Truex,Assistant Professor,Denison University,A5066370292,3992,22,26
Paul Bible,Assistant Professor,DePauw University,A5078212239,1171,15,19
Chad Byers,Associate Professor,DePauw University,A5016648608,43,3,1
Mehmet Gulum,Assistant Professor,DePauw University,A5042395265,173,4,1
Brian Howard,Associate Professor,DePauw University,A5112076971,880,10,11
Allana Johnson,Instructor,DePauw University,A5051494273,26,3,1
Khadija Stewart,Professor,DePauw University,A5040644002,114,3,2
Scott Thede,Professor,DePauw University,A5062717357,247,4,3
Gloria Townsend,Professor,DePauw University,A5020163854,230,7,7
Grant Braught,Professor,Dickinson College,A5057807588,550,11,11
Matt Ferland,Assistant Professor,Dickinson College,A5022586125,46,4,2
Dick Forrester,Professor,Dickinson College,,,,
William Goble,Lecturer,Dickinson College,,,,
John MacCormick,Professor,Dickinson College,A5090357402,3407,27,34
Farhan Siddiqui,Associate Professor,Dickinson College,A5101954879,2089,24,50
Barry Burd,Professor,Drew University,A5075206599,199,6,6
Valerie Siyuan Feng,Assistant Professor,Drew University,,,,
Chris Gibbs,Adjunct Professor,Drew University,,,,
Prasad Kothapalli,Adjunct Professor,Drew University,,,,
Diane Liporace,Assistant Teaching Professor,Drew University,,,,
Yi Lu,Associate Professor,Drew University,A5101644547,29,4,0
Fred Meyer,Adjunct Professor,Drew University,,,,
Adam Michlin,Assistant Professor,Drew University,,,,
Alex Rudniy,Associate Professor,Drew University,A5065019593,151,7,6
Debanjali Banerjee,Assistant Professor,Earlham College,A5082811476,163,6,5
Doug Harms,Instructor,Earlham College,,,,
Charlie Peck,Associate Professor,Earlham College,A5109506619,398,9,8
Fatemeh Valizadeh Gamchi,Assistant Professor,Earlham College,,,,
Yunting Yin,Assistant Professor,Earlham College,A5101267356,15,2,0
Injoo Kim,Associate Professor,East-West University,,,,
Julie Zhang,Associate Professor,East-West University,,,,
Komal Vashisht,Adjunct Instructor,East-West University,,,,
Fran Casillas,Adjunct Professor,East-West University,,,,
Kelly R. Debure,Professor,Eckerd College,A5069695635,28,3,2
Michael L Hilton,Associate Professor,Eckerd College,,,,
Holger Mauch,Professor,Eckerd College,A5005674714,209,6,4
Robert Beasley,Professor,Franklin College,A5102472745,61,3,1
Kerry Smith,Professor,Franklin College,A5025182174,44,4,1
Justin D Brody,Assistant Professor,Franklin & Marshall College,A5000242153,40,4,0
Jing Hu,Associate Professor,Franklin & Marshall College,A5101421877,3269,14,19
Emily K Jensen,Assistant Professor,Franklin & Marshall College,,,,
Jacob Logas,Assistant Professor,Franklin & Marshall College,,,,
Brad McDanel,Assistant Professor,Franklin & Marshall College,A5021927383,2558,13,13
Ed Novak,Associate Professor,Franklin & Marshall College,A5018914292,775,13,13
Tony J Weaver,Adjunct Senior Instructor,Franklin & Marshall College,,,,
Willie Wilson,Assistant Professor,Franklin & Marshall College,,,,
Andrea Tartaro,Professor,Furman University,A5086250772,407,10,10
Chris Alvin,Associate Professor,Furman University,A5032800073,261,8,8
Rebecca Drucker,Assistant Professor,Furman University,A5037250892,232,6,6
Syed Fahad Sultan,Assistant Professor,Furman University,,,,
Kevin Treu,Professor,Furman University,A5071442089,152,7,5
Sunghee Sunny Kim,Professor,Gettysburg College,A5100654454,1464,18,22
Ivaylo Ilinkin,Professor,Gettysburg College,A5076154938,90,5,4
Todd W. Neller,Professor,Gettysburg College,A5028487946,387,9,8
Clif Presser,Associate Professor,Gettysburg College,A5060173017,74,5,2
Daniel White,Lecturer,Gettysburg College,,,,
Jonathan Hoffman,Adjunct Instructor,Gettysburg College,,,,
Russell C. Bjork,Professor,Gordon College,,,,
Irvin J. Levy,Professor,Gordon College,A5049442610,513,11,11
Jonathan R. Senning,Professor,Gordon College,A5017914002,55,2,1
Jill Zimmerman,Professor,Goucher College,A5087480350,30,3,2
Mohammad Naderi Dehkordi,Associate Professor,Goucher College,,,,
Thomas Kelliher,Associate Professor,Goucher College,A5108526002,144,6,4
Robert Lewand,Professor,Goucher College,A5001439595,259,5,4
Peter-Michael Osera,Associate Professor,Grinnell College,A5020115127,590,8,8
Ali Allami,Associate Professor,Grinnell College,,,,
Eric Autry,Assistant Professor,Grinnell College,,,,
Charlie Curtsinger,Associate Professor,Grinnell College,A5053167314,907,10,10
Nicole Eikmeier,Associate Professor,Grinnell College,A5088002094,209,7,7
Fernanda Eliott,Assistant Professor,Grinnell College,A5070023579,7,1,0
Shawn Ong,Assistant Professor,Grinnell College,,,,
Samuel A. Rebelsky,Professor,Grinnell College,A5003071239,288,9,7
William Rebelsky,Assistant Professor,Grinnell College,A5055697563,18,3,0
Jerod Weinman,Associate Professor,Grinnell College,A5061152084,798,15,22
Aaron Nienow,Senior Instructor,Gustavus Adolphus College,,,,
Baili Chen,Associate Professor,Gustavus Adolphus College,,,,
Flint Million,Adjunct Assistant Professor,Gustavus Adolphus College,,,,
Guarionex Salivia,Associate Professor,Gustavus Adolphus College,A5026914794,38,3,1
Jacob Siehler,Associate Professor,Gustavus Adolphus College,A5025689795,79,3,2
Jeff Ford,Visiting Assistant Professor,Gustavus Adolphus College,A5110437679,25,2,1
Jillian Downey,Associate Professor,Gustavus Adolphus College,A5027888988,32,3,1
Laura Hildreth,Associate Professor,Gustavus Adolphus College,A5082555810,105,6,5
Louis Yu,Associate Professor,Gustavus Adolphus College,A5111448215,716,12,12
Darren Strash,Associate Professor,Hamilton College,A5066225806,1243,15,18
Mark Bailey,Professor,Hamilton College,A5102834475,926,14,18
Mason Brown,Visiting Assistant Professor,Hamilton College,,,,
Shawn Chen,Assistant Professor,Hamilton College,,,,
Karyn Doke,Assistant Professor,Hamilton College,,,,
Han Dong,Assistant Professor,Hamilton College,A5101516561,404,8,7
Thomas Helmuth,Associate Professor,Hamilton College,A5083108240,1413,20,38
Sarah Morrison-Smith,Assistant Professor,Hamilton College,A5087816404,828,8,8
Wenbo Wang,Visiting Assistant Professor,Hamilton College,,,,
Dylan Domel-White,Assistant Professor,Hampden-Sydney College,,,,
Rebecca Jayne,Associate Professor,Hampden-Sydney College,,,,
Brian Lins,Professor,Hampden-Sydney College,,,,
Sarah Loeb,Associate Professor,Hampden-Sydney College,,,,
John Machacek,Assistant Professor,Hampden-Sydney College,,,,
Joseph Rennie,Assistant Professor,Hampden-Sydney College,,,,
Michael C. Strayer,Associate Professor,Hampden-Sydney College,,,,
William Tolley,Assistant Professor,Hampden-Sydney College,,,,
Jeffrey LaMarche,Visiting Instructor,Hanover College,,,,
Haris Skiadas,Professor,Hanover College,,,,
Barbara Wahl,Professor,Hanover College,A5079610149,0,0,0
Howard Lichtman,Professor,Hartwick College,,,,
Jim Boerkoel,Professor,Harvey Mudd College,A5055168327,326,12,13
Julie Medero,Associate Professor,Harvey Mudd College,A5040137230,101,7,5
Lucas Bang,Associate Professor,Harvey Mudd College,A5061187880,337,8,7
Katherine Breeden,Associate Professor,Harvey Mudd College,A5034352058,428,5,5
Jonathan Chang,Assistant Professor,Harvey Mudd College,A5112330765,1027,10,11
Zach Dodds,Professor,Harvey Mudd College,A5037794678,900,16,19
Lynn Kirabo,Assistant Professor,Harvey Mudd College,A5064962100,141,6,6
George Montañez,Associate Professor,Harvey Mudd College,A5041066830,264,7,7
Vidushi Ojha,Assistant Professor,Harvey Mudd College,A5054445678,9,1,0
Melissa O'Neill,Professor,Harvey Mudd College,A5023450850,250,8,7
Arthi Padmanabhan,Assistant Professor,Harvey Mudd College,A5069421494,265,4,1
Tim Randolph,Assistant Professor,Harvey Mudd College,A5102956208,113,4,2
Xanda Schofield,Associate Professor,Harvey Mudd College,,,,
Chris Stone,Professor,Harvey Mudd College,A5068034903,4926,32,60
Erin Talvitie,Associate Professor,Harvey Mudd College,A5078503328,15,3,0
Beth Trushkowsky,Associate Professor,Harvey Mudd College,A5074747066,506,8,7
Ben Wiedermann,Professor,Harvey Mudd College,A5006874689,2583,12,15
Calden Wloka,Assistant Professor,Harvey Mudd College,,,,
John Dougherty,Associate Professor,Haverford College,A5015357170,248,9,7
Sorelle Friedler,Professor,Haverford College,A5086384189,6487,20,29
Alvin Grissom,Associate Professor,Haverford College,A5088386242,463,5,5
Steven Lindell,Professor,Haverford College,A5031196296,319,8,8
Dung Nguyen,Visiting Assistant Professor,Haverford College,,,,
Thao Nguyen,Assistant Professor,Haverford College,,,,
David Wonnacott,Professor,Haverford College,A5048744223,1736,20,24
Gabriel Ferrer,Professor,Hendrix College,A5085367021,57,4,2
Mark Goadrich,Professor,Hendrix College,A5075296222,6478,7,7
Brent A. Yorgey,Associate Professor,Hendrix College,A5058418924,308,7,5
Brian Delavan,Adjunct Professor,Hendrix College,,,,
Joseph Rusinko,Associate Professor,Hobart and William Smith College,,,,
Jonathan E Forde,Professor,Hobart and William Smith College,,,,
Jocelyn Bell,Associate Professor,Hobart and William Smith College,,,,
Jennifer Biermann,Associate Professor,Hobart and William Smith College,,,,
Stina S Bridgeman,Associate Professor,Hobart and William Smith College,,,,
Chris Fietkiewicz,Associate Professor,Hobart and William Smith College,,,,
Yan Hao,Associate Professor,Hobart and William Smith College,,,,
Hanqing Hu,Assistant Professor,Hobart and William Smith College,,,,
Erika L.C. King,Associate Professor,Hobart and William Smith College,,,,
Michael Jipping,Professor,Hope College,A5066193809,122,5,4
Charles Cusack,Professor,Hope College,A5016956491,111,7,5
Ryan McFall,Professor,Hope College,A5070840199,213,7,5
Fola Olagbemi,Assistant Professor,Hope College,,,,
Katrina Koehler,Associate Professor,Houghton University,,,,
Babafemi Sorinolu,Assistant Professor,Houghton University,A5128366693,0,0,0
Takako Soma,Associate Professor,Illinois College,A5113832994,188,3,2
Gerald W. Kruse,Professor,Juniata College,A5073819492,135,4,2
Elainea Neville,Instructor,Juniata College,,,,
Jianyuan Ni,Assistant Professor,Juniata College,A5016414308,143,5,4
William H. Thomas,Professor,Juniata College,A5022216405,10,2,0
John J. Wright,Associate Professor,Juniata College,A5044784389,951,14,21
Jigar Patel,Lecturer,Juniata College,,,,
Alyce Brady,Professor,Kalamazoo College,A5082967524,119,5,3
Pam Cutter,Professor,Kalamazoo College,A5031857701,44,3,2
Tasnim Gharaibeh,Assistant Professor,Kalamazoo College,A5070919177,133,3,1
Nicholas Polanco,Visiting Assistant Professor,Kalamazoo College,,,,
Sandino Vargas-Pérez,Associate Professor,Kalamazoo College,,,,
David Bunde,Professor,Knox College,A5005348702,443,11,13
Shengting Cao,Assistant Professor,Knox College,A5133855176,0,0,0
Michael Gerten,Visiting Instructor,Knox College,A5032072064,19,3,0
Jurdana Masuma Iqrah,Assistant Professor,Knox College,,,,
Jaime Spacco,Associate Professor,Knox College,A5017333566,1895,22,30
Ge Xia,Professor,Lafayette College,A5112078381,2258,19,36
Lauren Biernacki,Assistant Professor,Lafayette College,A5042598156,95,5,3
Jonathan Dahl,Senior Lecturer,Lafayette College,,,,
Christian Lopez,Assistant Professor,Lafayette College,,,,
Jeffrey O. Pfaffmann,Associate Professor,Lafayette College,A5073700642,66,5,3
Sofia Serrano,Assistant Professor,Lafayette College,A5045156473,473,4,4
Jorge Silveyra,Assistant Professor,Lafayette College,A5117400454,2,1,0
Justin Smith,Assistant Professor,Lafayette College,A5020005323,1853,16,21
Jia Tao,Associate Professor,Lafayette College,A5037154317,10,2,0
Enrique Trevino,Professor,Lake Forest College,,,,
Sugata Banerji,Associate Professor,Lake Forest College,A5011038179,283,9,8
Sara Jamshidi,Assistant Professor,Lake Forest College,,,,
Craig Knuckles,Professor,Lake Forest College,A5036161189,14,2,0
Dakotah Lambert,Assistant Professor,Lake Forest College,,,,
Gunjan Sharma,Visiting Assistant Professor,Lake Forest College,,,,
Kitai Jeong,Assistant Professor,Lane College,,,,
Sheldon Liang,Assistant Professor,Lane College,A5108434652,65,5,3
Kent Tyler,Assistant Professor,Lane College,,,,
Acacia Ackles,Assistant Professor,Lawrence University,,,,
Kyle Diederich,Visiting Assistant Professor,Lawrence University,,,,
Joseph N. Gregg,Associate Professor,Lawrence University,A5053236373,5,1,0
Kurt Krebsbach,Professor,Lawrence University,A5054526238,202,7,6
David Lovitz,Visiting Professor,Lewis & Clark College,,,,
Sweta Suryanarayan,Assistant Professor,Lewis & Clark College,,,,
Nurideen Abubakari,Visiting Assistant Professor,Linfield University,,,,
Stephen Bricher,Professor,Linfield University,,,,
Daniel Ford,Assistant Professor,Linfield University,,,,
Mike Hitchman,Professor,Linfield University,,,,
Kate Lorenzen,Assistant Professor,Linfield University,,,,
Chuck Lundon,Professor,Linfield University,,,,
Jennifer Nordstrom,Professor,Linfield University,,,,
Yujie Wang,Assistant Professor,Linfield University,,,,
Roman Yasinovskyy,Associate Professor,Luther College,,,,
Thuy Do,Assistant Professor,Luther College,A5062466077,4880,33,71
Kar Ee Ho,Assistant Professor,Luther College,,,,
Sanad Aburass,Assistant Professor,Luther College,A5016244805,280,9,9
Krish Pillai,Assistant Professor,Lycoming College,,,,
Adrian Rublein,Assistant Professor,Lycoming College,,,,
Marcus Birkenkrahe,Associate Professor,Lyon College,A5043398304,9,1,0
Pietro Dall'Olio,Assistant Professor,Lyon College,,,,
Shilad Sen,Professor,Macalester College,A5069561077,4424,23,32
Amin Alhashim,Visiting Assistant Professor,Macalester College,A5077674077,74,6,2
Suhas Arehalli,Assistant Professor,Macalester College,A5046077921,91,4,3
Paul Cantrell,Senior Instructor,Macalester College,,,,
Dan Drake,Visiting Assistant Professor,Macalester College,,,,
Lian Duan,Instructor,Macalester College,,,,
Elizabeth Ernst,Assistant Professor,Macalester College,A5010785906,34,2,1
Susan Fox,Professor,Macalester College,A5103992946,22,3,0
Bret Jackson,Associate Professor,Macalester College,A5034283634,411,10,11
Abby Marsh,Associate Professor,Macalester College,,,,
Lauren Milne,Associate Professor,Macalester College,A5003612486,569,13,15
Daniel O'Loughlin,Visiting Assistant Professor,Macalester College,A5066285505,4,1,0
Getiria Onsongo,Associate Professor,Macalester College,A5028223333,1000,15,18
Joslenne Peña,Assistant Professor,Macalester College,A5036331004,77,3,1
Elizabeth Shoop,Professor,Macalester College,A5044182284,1419,16,23
Barbara Johnson,Associate Professor,Maryville College,,,,
Jennifer Hontz,Professor,Meredith College,,,,
Kristin Watkins,Professor of Practice,Meredith College,,,,
Mark Gass,Assistant Professor of Practice,Meredith College,,,,
Christopher Andrews,Associate Professor,Middlebury College,A5010596785,1270,14,17
Laura Biester,Assistant Professor,Middlebury College,A5076796876,94,5,3
Amy Briggs,Professor,Middlebury College,A5030870689,615,12,18
Philip Caplan,Assistant Professor,Middlebury College,A5072964811,230,8,8
Phil Chodrow,Assistant Professor,Middlebury College,A5043926040,277,7,7
Ananya Das,Associate Professor,Middlebury College,A5111209239,1,1,0
Matthew Dickerson,Professor,Middlebury College,A5008356497,1847,25,50
Smith Gakuya,Visiting Lab Instructor,Middlebury College,,,,
Peter Johnson,Associate Professor,Middlebury College,A5070885438,208,8,7
Shelby Kimmel,Associate Professor,Middlebury College,A5047005219,437,9,9
Michael Linderman,Associate Professor,Middlebury College,,,,
Frank Swenton,Professor,Middlebury College,A5073962224,64,3,1
Andrea Vaccari,Associate Professor,Middlebury College,,,,
Robert Utterback,Adjunct Professor,Monmouth College,A5014680139,94,5,3
Logan Mayfield,Professor,Monmouth College,A5019566476,6,2,0
Lisa A. Ballesteros,Associate Professor,Mount Holyoke College,A5073020024,1817,14,14
Alyxander Burns,Assistant Professor,Mount Holyoke College,A5014100844,99,5,3
Barbara Staudt Lerner,Professor,Mount Holyoke College,A5021181338,1817,21,48
Tony Liu,Assistant Professor,Mount Holyoke College,,,,
James McCauley,Assistant Professor,Mount Holyoke College,A5084225363,352,9,9
Heather Pon-Barry,Associate Professor,Mount Holyoke College,A5032136386,951,18,25
Audrey St. John,Professor,Mount Holyoke College,A5102272445,175,6,3
Melody Su,Assistant Professor,Mount Holyoke College,,,,
Diane Uwacu,Assistant Professor,Mount Holyoke College,A5088227031,75,5,3
Michael Allocca,Associate Professor,Muhlenberg College,A5048146748,10,2,0
Abbey D'Ovidio,Assistant Professor,Muhlenberg College,,,,
Allison Davidson,Associate Professor,Muhlenberg College,,,,
William Gryc,Professor,Muhlenberg College,A5069278355,30,3,1
Youngsun Jang,Assistant Professor,Muhlenberg College,A5059953398,79,5,4
Michael Karcher,Assistant Professor,Muhlenberg College,,,,
Linda McGuire,Professor,Muhlenberg College,,,,
Proyash Podder,Assistant Professor,Muhlenberg College,A5055624391,78,5,2
James Russell,Associate Professor,Muhlenberg College,,,,
Elyn Rykken,Professor,Muhlenberg College,A5057151228,72,5,3
Gary Shufelt,Adjunct Professor,Muhlenberg College,,,,
Hamed Yaghoobian,Assistant Professor,Muhlenberg College,A5066345868,20,2,1
Fahmida Hamid,Assistant Professor,New College of Florida,A5052742546,16,2,0
David Gillman,Associate Professor,New College of Florida,A5017336997,464,10,10
Daniel Page,Visiting Assistant Professor,New College of Florida,,,,
Gil Salu,Visiting Assistant Professor,New College of Florida,,,,
Cynthia Taylor,Associate Professor,Oberlin College,A5045535763,1422,20,29
Stephen Checkoway,Associate Professor,Oberlin College,A5069566952,4756,16,21
Adam Eck,Associate Professor,Oberlin College,A5080406705,280,9,9
Molly Q Feldman,Assistant Professor,Oberlin College,A5010858670,269,9,9
Joshua H. Davidson,Assistant Professor,Oberlin College,,,,
Mary Hogan,Assistant Professor,Oberlin College,A5055641193,27,2,1
Roberto Hoyle,Associate Professor,Oberlin College,A5061198286,817,13,14
Howard Levinson,Assistant Professor,Oberlin College,A5102885781,1001,15,23
Michael McCarrin,Assistant Professor,Oberlin College,,,,
Sam Taggart,Associate Professor,Oberlin College,A5008014812,10,1,1
Emily Wang,Assistant Professor,Oberlin College,A5107963448,191,4,4
Noel Warford,Visiting Assistant Professor,Oberlin College,,,,
Justin Li,Associate Professor,Occidental College,A5089040164,703,13,16
Hector M. Camarillo Abad,Assistant Professor,Occidental College,,,,
Kathryn Leonard,Professor,Occidental College,A5004783856,222,9,6
Teddy Pozo,Assistant Professor,Occidental College,,,,
Joel Walsh,Assistant Professor,Occidental College,,,,
Meiqing Zhang,Assistant Professor,Occidental College,,,,
Hsing-Hau Chen,Associate Professor,Occidental College,,,,
Chris Cianci,Assistant Professor,Occidental College,,,,
Treena Basu,Associate Professor,Occidental College,A5077197515,582,5,5
Mehwish Abbasi,Assistant Professor,Ohio Wesleyan University,,,,
Tzu-Yi Chen,Professor,Pomona College,A5022940704,735,16,29
Eleanor Birrell,Associate Professor,Pomona College,A5017352764,373,13,14
Anthony Clark,Assistant Professor,Pomona College,A5070428667,787,13,15
David R. Kauchak,Professor,Pomona College,A5089892601,1708,19,23
Jingyi Li,Assistant Professor,Pomona College,A5048818007,103,4,2
Joseph C. Osborn,Associate Professor,Pomona College,A5016436443,459,10,13
Alexandra Papoutsaki,Associate Professor,Pomona College,A5060515739,1733,13,14
Sam Thomas,Assistant Professor,Pomona College,,,,
Andrew T. Wilson,Lecturer,Pomona College,,,,
Yuqing Melanie Wu,Professor,Pomona College,A5047960393,3785,30,75
Michael Zlatin,Assistant Professor,Pomona College,A5050694688,92,3,1
Gregory Goeckel,Professor,Presbyterian College,,,,
Olivia Nche,Assistant Professor,Presbyterian College,,,,
Marc Ordower,Visiting Associate Professor,Randolph College,,,,
Brad Spendlove,Associate Professor,Randolph College,,,,
Jia Wan,Associate Professor,Randolph College,,,,
Rance Necaise,Associate Professor,Randolph-Macon College,,,,
Maha Elouni,Assistant Professor,Randolph-Macon College,,,,
Robin M. Givens,Associate Professor,Randolph-Macon College,,,,
Samuel Henry,Assistant Professor,Randolph-Macon College,,,,
John W. McManus,Associate Professor,Randolph-Macon College,,,,
La Toria H. Tookes,Senior Lecturer,Randolph-Macon College,,,,
Greg Anderson,Assistant Professor,Reed College,A5067492876,115,3,3
Erica Blum,Assistant Professor,Reed College,A5075398205,176,8,8
Jim Fix,Professor,Reed College,A5082853201,74,4,1
Adam Groce,Associate Professor,Reed College,A5035309140,498,10,10
Harper Knittel,Assistant Professor,Reed College,,,,
Charles McGuffey,Assistant Professor,Reed College,A5032160862,205,8,6
Mark Cooper,Adjunct Assistant Professor,Rhodes College,,,,
Jace King,Visiting Assistant Professor,Rhodes College,,,,
Phillip Kirlin,Associate Professor,Rhodes College,A5021095229,122,6,3
Sean Kugele,Assistant Professor,Rhodes College,A5056383435,183,6,4
Brian Larkins,Associate Professor,Rhodes College,,,,
Betsy Sanders,Professor,Rhodes College,A5019862616,17,2,0
Addison Schwamb,Assistant Professor,Rhodes College,,,,
Matt Superdock,Assistant Professor,Rhodes College,A5077595259,8,1,0
Durell Bouchard,Associate Professor,Roanoke College,A5073563217,345,7,4
Anil Shende,Professor,Roanoke College,A5087632091,171,7,6
Wale Sekoni,Assistant Professor,Roanoke College,,,,
Rajesh Prasad,Associate Professor,Saint Anselm College,A5057941088,850,13,24
Adam Albina,Assistant Professor,Saint Anselm College,A5085681950,2,1,0
Michael Huelsman,Assistant Professor,Saint Anselm College,A5032791854,2,1,0
Mitra Mohtarami,Assistant Professor,Saint Anselm College,,,,
Bradford Demarest,Assistant Professor,Saint Michael's College,,,,
Greta Pangborn,Associate Professor,Saint Michael's College,A5029824237,149,8,5
Nelson Dellis,Visiting Assistant Professor,Skidmore College,,,,
Wenlu Du,Assistant Professor,Skidmore College,,,,
Michael Eckmann,Associate Professor,Skidmore College,A5021592830,443,8,8
Thomas O'Connell,Associate Professor,Skidmore College,,,,
Aarathi Prasad,Associate Professor,Skidmore College,A5072704997,281,8,8
David Read,Associate Teaching Professor,Skidmore College,A5101553130,1,1,0
Christine Reilly,Associate Professor,Skidmore College,A5060318502,196,8,5
Esma Wali,Visiting Assistant Professor,Skidmore College,,,,
Johanna Brewer,Assistant Professor,Smith College,A5003438642,620,10,12
Shinyoung Cho,Assistant Professor,Smith College,,,,
R. Jordan Crouser,Associate Professor,Smith College,A5084913586,1206,16,18
Pablo Frank Bolton,Lecturer,Smith College,A5053682698,2,1,0
Hia Ghosh,Lecturer,Smith College,,,,
Nicholas Howe,Professor,Smith College,A5008268577,1148,15,21
Katherine M. Kinnaird,Associate Professor,Smith College,A5046702039,115,5,2
Jamie Macbeth,Associate Professor,Smith College,A5008934616,923,14,17
Ab Mosca,Visiting Assistant Professor,Smith College,A5026168274,74,4,2
Halie Rando,Assistant Professor,Smith College,,,,
Michael Robson,Assistant Professor,Smith College,,,,
Ileana Streinu,Professor,Smith College,A5008565320,2195,25,51
Ammon Hepworth,Assistant Professor,Southern Virginia University,,,,
Barbara M. Anthony,Professor,Southwestern University,A5002137614,157,6,5
Arjun Chandrasekhar,Assistant Professor,Southwestern University,,,,
Jacob Schrum,Associate Professor,Southwestern University,A5078279091,693,13,16
Kevin A. Angstadt,Associate Professor,St. Lawrence University,A5043289411,183,8,7
Daniel Condon,Assistant Professor,St. Lawrence University,,,,
Gabriel Dorfsman-Hopkins,Assistant Professor,St. Lawrence University,A5007319903,7,2,0
A.J. Dykstra,Lecturer,St. Lawrence University,,,,
Ed Harcourt,Professor,St. Lawrence University,A5017511573,90,4,2
Matt Higham,Associate Professor,St. Lawrence University,,,,
Choong-Soo Lee,Associate Professor,St. Lawrence University,A5011104998,69,5,2
Leiyue Li,Assistant Professor,St. Lawrence University,,,,
Patti Frazer Lock,Professor,St. Lawrence University,A5079008700,63,3,2
Robin Lock,Professor,St. Lawrence University,A5088230521,1400,17,31
Lisa Torrey,Associate Professor,St. Lawrence University,A5091343155,2152,12,14
Maegan K. Bos,Associate Professor,St. Lawrence University,,,,
Michael Schuckers,Professor,St. Lawrence University,A5083930742,467,12,12
Emily Barranca,Assistant Professor,St. Mary's College of Maryland,,,,
Sayan Goswami,Assistant Professor,St. Mary's College of Maryland,,,,
Simon Read,Associate Professor,St. Mary's College of Maryland,A5063542194,5149,31,40
Waqar Saleem,Associate Professor,St. Mary's College of Maryland,,,,
Muhieddine Shebaro,Visiting Assistant Professor,St. Mary's College of Maryland,,,,
Bob Tracy,Adjunct Instructor,St. Mary's College of Maryland,,,,
Richard Young,Adjunct Professor,St. Mary's College of Maryland,,,,
Seth Meyer,Professor,St. Norbert College,A5065277575,142,6,3
Jaime Davila,Associate Professor,St. Olaf College,A5007075478,4365,33,49
Olaf Hall-Holt,Associate Professor,St. Olaf College,A5049179869,1453,9,9
Michael Haydock,Adjunct Assistant Professor,St. Olaf College,,,,
Kodjo Houssou,Visiting Instructor,St. Olaf College,,,,
Barbara Johnson,Visiting Assistant Professor,St. Olaf College,,,,
Will Leeson,Assistant Professor,St. Olaf College,,,,
Melissa Lynn,Assistant Professor,St. Olaf College,A5125887672,0,0,0
Ryota Matsuura,Professor,St. Olaf College,A5061111766,66,4,2
Matthew Wright,Associate Professor,St. Olaf College,A5074393906,326,7,7
Sharmishtha Dutta,Assistant Professor,Stonehill College,,,,
Hamza M. Elhamdadi,Assistant Professor,Stonehill College,,,,
Samuel Goree,Assistant Professor,Stonehill College,A5062429758,14,1,1
Jeffrey Graham,Associate Professor,Susquehanna University,A5108677262,298,8,8
Alathea Jensen,Associate Professor,Susquehanna University,A5027160512,1,1,0
Edisanter Lo,Professor,Susquehanna University,A5108221266,242,7,6
Steven Scheirer,Assistant Professor,Susquehanna University,,,,
Anusha Veluswamy,Assistant Professor,Susquehanna University,A5116793998,5,1,0
Alexander Wilce,Professor,Susquehanna University,A5088250843,1444,20,33
Kevin Webb,Associate Professor,Swarthmore College,A5046579558,701,12,12
Joshua Brody,Associate Professor,Swarthmore College,A5079684179,504,10,10
Vasanta Chaganti,Associate Professor,Swarthmore College,A5014493367,139,6,5
Andrew Danner,Professor,Swarthmore College,A5029333276,331,10,10
Lila Fontes,Associate Professor,Swarthmore College,A5065388772,68,5,3
Nathaniel Grammel,Visiting Assistant Professor,Swarthmore College,,,,
Gabriel Hope,Visiting Assistant Professor,Swarthmore College,,,,
Neil Lutz,Visiting Assistant Professor,Swarthmore College,A5015287023,158,8,5
Ben Mitchell,Assistant Professor,Swarthmore College,A5054443471,328,10,11
Tia Newhall,Professor,Swarthmore College,A5006853802,1214,11,13
Keith O'Hara,Associate Professor,Swarthmore College,A5125905590,0,0,0
Zachary Palmer,Associate Professor,Swarthmore College,A5077132475,40,5,0
Ameet Soni,Associate Professor,Swarthmore College,A5039203631,289,8,6
Sukrit Venkatagiri,Assistant Professor,Swarthmore College,A5007675088,324,9,8
Ranysha Ware,Assistant Professor,Swarthmore College,,,,
Rich Wicentowski,Professor,Swarthmore College,A5000976384,1260,13,16
Charlie Kazer,Lab Instructor,Swarthmore College,A5011928628,63,2,2
Marcus Brumfield,Assistant Professor,Tougaloo College,,,,
Bobby England,Professor,Transylvania University,,,,
Kenny Moorman,Professor,Transylvania University,A5057422963,254,8,8
Ewa Syta,Associate Professor,Trinity College,,,,
Chandranil Chakraborttii,Assistant Professor,Trinity College,A5025349580,123,5,4
Maminur Islam,Assistant Professor,Trinity College,,,,
Jonathan Johnson,Visiting Lecturer,Trinity College,,,,
Takunari Miyazaki,Associate Professor,Trinity College,,,,
Madalene Spezialetti,Associate Professor,Trinity College,A5008051842,311,8,6
Peter A. Yoon,Professor,Trinity College,,,,
Paul Myers,Professor,Trinity University,A5086442941,398,9,9
Zeyu Chen,Visiting Assistant Professor,Trinity University,,,,
Eduardo Davalos Anaya,Assistant Professor,Trinity University,,,,
Seth Fogarty,Associate Professor,Trinity University,A5017354172,261,8,8
Matthew Hibbs,Associate Professor,Trinity University,A5007835627,4562,24,29
Britton Horn,Assistant Professor,Trinity University,A5084624866,185,8,7
Johanna Jacob,Assistant Professor,Trinity University,,,,
Sheng Tan,Associate Professor,Trinity University,A5018231776,1779,20,29
Eva Tuba,Assistant Professor,Trinity University,A5050579174,3421,34,72
Yu Zhang,Professor,Trinity University,A5100433414,7002,37,117
Matt Anderson,Associate Professor,Union College (NY),,,,
Aaron Cass,Associate Professor,Union College (NY),,,,
Georgia Doing,Visiting Assistant Professor,Union College (NY),,,,
Chris Fernandes,Professor,Union College (NY),,,,
Shruti Mahajan,Assistant Professor,Union College (NY),,,,
John Rieffel,Professor,Union College (NY),,,,
TJ Schlueter,Visiting Assistant Professor,Union College (NY),,,,
Kristina Striegnitz,Associate Professor,Union College (NY),,,,
Arjun Viswanathan,Visiting Assistant Professor,Union College (NY),,,,
Nick Webb,Associate Professor,Union College (NY),,,,
Jennifer Polack,Professor,University of Mary Washington,A5059958079,24,3,0
Karen Anewalt,Professor,University of Mary Washington,A5089167579,267,8,7
Stephen Davies,Professor,University of Mary Washington,A5052656640,1218,17,23
Andrew Marshall,Associate Professor,University of Mary Washington,A5049710569,63,5,0
Ian Finlayson,Associate Professor,University of Mary Washington,A5064891319,58,5,2
Xin-Wen Wu,Associate Professor,University of Mary Washington,A5004691007,1300,20,36
Jessica Zeitz,Associate Professor,University of Mary Washington,,,,
Prashant Chandrasekar,Assistant Professor,University of Mary Washington,A5027666206,19,3,0
Evan Coleman,Assistant Professor,University of Mary Washington,,,,
Josh Clements,Lecturer,University of Mary Washington,,,,
Gusty Cooper,Lecturer,University of Mary Washington,,,,
Peter Dolan,Associate Professor,University of Minnesota Morris,,,,
Wenkai Guan,Assistant Professor,University of Minnesota Morris,A5024593560,65,5,1
Kristin Lamberty,Associate Professor,University of Minnesota Morris,A5002280711,90,6,4
Elena Machkasova,Associate Professor,University of Minnesota Morris,A5017738425,83,5,2
Nic McPhee,Professor,University of Minnesota Morris,A5007077416,3568,25,40
Kevin Sanft,Professor,University of North Carolina Asheville,,,,
Marietta Cameron,Professor,University of North Carolina Asheville,,,,
Kenneth Bogert,Associate Professor,University of North Carolina Asheville,,,,
Farzana Rashid,Assistant Professor,University of North Carolina Asheville,,,,
Michael Sarris,Lecturer,University of North Carolina Asheville,,,,
Sarah Van Wart,Assistant Professor,University of North Carolina Asheville,,,,
Adam Whitley,Assistant Professor,University of North Carolina Asheville,,,,
Baha Alsaify,Visiting Assistant Professor,University of Puget Sound,,,,
America Chambers,Associate Professor,University of Puget Sound,A5017849947,314,3,1
Sunita Chepuri,Assistant Professor,University of Puget Sound,,,,
David Chiu,Professor,University of Puget Sound,A5102819493,2097,24,38
Cynthia Gibson,Visiting Assistant Professor,University of Puget Sound,,,,
Sara Johnson,Visiting Assistant Professor,University of Puget Sound,,,,
Marissa Masden,Assistant Professor,University of Puget Sound,A5074718704,16,2,1
Alison Paradise,Instructor,University of Puget Sound,,,,
Jake Price,Associate Professor,University of Puget Sound,,,,
Adam Smith,Associate Professor,University of Puget Sound,A5103797189,381,9,8
Maddie Weinstein,Assistant Professor,University of Puget Sound,A5002246290,74,4,3
Douglas Szajda,Associate Professor,University of Richmond,A5078245654,184,5,4
Prateek Bhakta,Associate Professor,University of Richmond,A5066388574,63,5,1
M Charity,Assistant Professor,University of Richmond,A5088582174,460,12,13
Arthur Charlesworth,Professor,University of Richmond,A5023509148,222,8,6
Catherine Finegan-Dollak,Assistant Professor,University of Richmond,,,,
Yucong Jiang,Associate Professor,University of Richmond,A5002479079,0,0,0
Patrick Martin,Assistant Professor,University of Richmond,A5063356958,1142,14,19
Mmachi Obiorah,Assistant Professor,University of Richmond,,,,
Joonsuk Park,Associate Professor,University of Richmond,A5070811213,8361,38,72
William F. Prior,Adjunct Instructor,University of Richmond,,,,
Shweta Ware,Associate Professor,University of Richmond,,,,
Catherine Cavagnaro,Professor,The University of the South,,,,
Stephen Carl,Associate Professor,The University of the South,,,,
Ross Sowell,Associate Professor,The University of the South,,,,
C Karen,Associate Professor,University of Virginia--Wise,,,,
E Alex,Adjunct Instructor,University of Virginia--Wise,,,,
F David,Senior Instructor,University of Virginia--Wise,,,,
H Robert,Associate Professor,University of Virginia--Wise,,,,
L Shilpa,Assistant Professor,University of Virginia--Wise,,,,
S Jacob,Professor,University of Virginia--Wise,,,,
Nicholas Scoville,Professor,Ursinus College,A5088461515,110,6,2
Susan Adam,Instructor,Ursinus College,,,,
David Henry,Instructor,Ursinus College,,,,
Olena Kozhushkina,Associate Professor,Ursinus College,,,,
William Mongan,Associate Professor,Ursinus College,A5045056426,433,11,12
Leslie New,Associate Professor,Ursinus College,,,,
Christopher Sadowski,Associate Professor,Ursinus College,,,,
Eric Mawuena Takyi,Assistant Professor,Ursinus College,A5041881424,51,5,1
Jason Waterman,Associate Professor,Vassar College,A5026245262,553,14,15
Jacob Erickson,Visiting Assistant Professor,Vassar College,A5011078656,75,4,2
Anna Gommerstadt,Assistant Professor,Vassar College,,,,
Jonathan Gordon,Assistant Professor,Vassar College,A5042604848,1632,23,40
Luke Hunsberger,Professor,Vassar College,A5043048175,831,14,19
Peter Lemieszewski,Visiting Assistant Professor,Vassar College,,,,
Heather Newman,Assistant Professor,Vassar College,A5067929093,644,8,7
Rui Manuel Pacheco Meireles,Assistant Professor,Vassar College,A5053287898,405,7,5
Marc L. Smith,Professor,Vassar College,A5043448756,523,7,7
Logan Stapleton,Assistant Professor,Vassar College,A5042444838,437,9,8
Abdullah Al-Alaj,Assistant Professor,Virginia Wesleyan University,A5006748647,205,8,7
Zizhong J. Wang,Professor,Virginia Wesleyan University,A5023147382,157,4,4
Qixin Deng,Assistant Professor,Wabash College,A5034151029,43,4,2
Colin McKinney,Associate Professor,Wabash College,,,,
William J. Turner,Associate Professor,Wabash College,A5002705303,197,4,3
Chad Westphal,Professor,Wabash College,A5016667715,167,7,7
Ryeongkyung Yoon,Assistant Professor,Wabash College,A5079745264,13,3,0
Jim Jacobs,Assistant Professor,Wartburg College,,,,
Terry Letsche,Associate Professor,Wartburg College,,,,
Sara Sprenkle,Associate Professor,Washington and Lee University,A5018952991,899,12,14
Sana Habib,Visiting Assistant Professor,Washington and Lee University,,,,
Simon Levy,Professor,Washington and Lee University,A5093944074,261,8,4
Kefu Lu,Associate Professor,Washington and Lee University,A5064129575,204,6,5
Elizabeth Matthews,Associate Professor,Washington and Lee University,,,,
Austin Lobo,Associate Professor,Washington College,A5041686906,203,7,7
Shaun Ramsey,Professor,Washington College,A5110261034,40,1,1
Heather Switzer,Assistant Professor,Washington College,,,,
Charles Hannon,Professor,Washington & Jefferson College,,,,
Amanda Holland-Minkley,Professor,Washington & Jefferson College,,,,
John Ladd,Assistant Professor,Washington & Jefferson College,,,,
Rebecca Rapp,Assistant Professor,Washington & Jefferson College,,,,
Carolyn Anderson,Assistant Professor,Wellesley College,A5075492610,1123,12,14
Scott Anderson,Associate Teaching Professor,Wellesley College,A5073853669,888,13,14
Christine Bassem,Associate Professor,Wellesley College,A5030365120,85,5,1
Brian Brubach,Assistant Professor,Wellesley College,A5050667686,187,7,7
Vinitha Gadiraju,Assistant Professor,Wellesley College,A5043840763,189,5,3
Catherine Grevet Delcourt,Associate Professor,Wellesley College,A5058618768,80,4,3
Stella Kakavouli,Associate Teaching Professor,Wellesley College,A5008651580,13,2,0
Peter Mawhorter,Associate Teaching Professor,Wellesley College,A5018086266,453,10,10
Sara Melnick,Assistant Teaching Professor,Wellesley College,,,,
Panagiotis Metaxas,Professor,Wellesley College,A5001125856,2763,24,38
Eni Mustafaraj,Associate Professor,Wellesley College,A5026626448,2371,17,24
Smaranda Sandu,Assistant Teaching Professor,Wellesley College,A5111206995,14,1,1
Orit Shaer,Professor,Wellesley College,A5072659945,4691,31,75
Brian Tjaden,Professor,Wellesley College,A5030823572,4948,24,27
Franklyn Turbak,Associate Professor,Wellesley College,A5081922700,1813,18,24
Jordan Tynes,Assistant Teaching Professor,Wellesley College,A5074848539,52,1,1
Alexa VanHattum,Assistant Professor,Wellesley College,A5029623128,96,5,2
Yaniv Yacoby,Assistant Professor,Wellesley College,A5031215668,74,5,1
Norman Danner,Professor,Wesleyan University,A5056512208,302,10,10
Daniel Krizanc,Professor,Wesleyan University,,,,
Dan Licata,Associate Professor,Wesleyan University,A5009198759,975,21,29
James Lipton,Professor,Wesleyan University,A5001103236,154,8,5
Yuxuan Mei,Assistant Professor,Wesleyan University,A5025755106,73,4,3
Sonia Roberts,Assistant Professor,Wesleyan University,A5018012682,246,10,11
Sebastian Zimmeck,Associate Professor,Wesleyan University,A5000743993,1039,14,14
Wai Kiu Chan,Professor,Wesleyan University,A5007739651,817,11,11
Victoria Ursula Manfredi,Associate Professor,Wesleyan University,A5019412616,222,8,7
John P. Bonomo,Professor,Westminster College (PA),,,,
Adam M. Blumenthal,Assistant Professor,Westminster College (PA),,,,
Natacha Fontes Merz,Associate Professor,Westminster College (PA),,,,
Heather Muchowski,Assistant Professor,Westminster College (PA),,,,
Hyunju Kim,Associate Professor,Wheaton College (IL),,,,
Devin Pohly,Senior Lecturer,Wheaton College (IL),,,,
Thomas VanDrunen,Professor,Wheaton College (IL),,,,
Nicholas Almeder,Visiting Instructor,Wheaton College (MA),,,,
Michael B. Gousie,Professor,Wheaton College (MA),,,,
Mark D. LeBlanc,Professor,Wheaton College (MA),,,,
Tony Tong,Assistant Professor,Wheaton College (MA),,,,
William Bares,Associate Professor,Whitman College,A5070429038,596,13,15
Janet Davis,Professor,Whitman College,A5102908103,913,14,20
Richard Torres Molina,Visiting Instructor,Whitman College,,,,
Sachintha Pitigala,Visiting Assistant Professor,Whitman College,A5107077762,0,0,0
John Stratton,Associate Professor,Whitman College,A5034958091,2212,17,22
Jordan Wirfs-Brock,Assistant Professor,Whitman College,A5013271583,185,7,5
Fred Agbo,Assistant Professor,Willamette University,A5018628205,1552,20,34
Rachel A Brown,Assistant Professor,Willamette University,,,,
Haiyan Cheng,Professor,Willamette University,A5101082621,15,1,1
Calvin K Deutschbein,Assistant Professor,Willamette University,A5048337173,140,6,5
Kristen Gore,Assistant Professor,Willamette University,,,,
Hank Ibser,Associate Professor,Willamette University,,,,
Heather Kitada Smalley,Associate Professor,Willamette University,,,,
Zechariah D Meunier,Assistant Professor,Willamette University,,,,
Jed Rembold,Associate Professor,Willamette University,A5086476102,15,2,1
Hendrik Orem,Assistant Professor,Willamette University,,,,
Jeannie Albrecht,Professor,Williams College,A5056332821,3438,19,25
Daniel Barowy,Associate Professor,Williams College,A5032195792,433,9,8
James Bern,Assistant Professor,Williams College,A5085755421,575,12,12
Rohit Bhattacharya,Assistant Professor,Williams College,A5041602813,2397,13,20
Stephen N. Freund,Professor,Williams College,A5110858761,3770,28,38
Mark Hopkins,Associate Professor,Williams College,A5057318657,5705,39,81
Iris Howley,Assistant Professor,Williams College,A5069326020,1019,17,24
William Jannen,Associate Professor,Williams College,A5089059073,443,9,9
Katie Keith,Assistant Professor,Williams College,A5062069583,435,8,8
Samuel McCauley,Associate Professor,Williams College,A5006653893,207,9,9
John Parker,Visiting Professor,Williams College,,,,
Kelly Shaw,Professor,Williams College,A5103504814,513,7,6
Shikha Singh,Associate Professor,Williams College,A5100707792,399,10,10
Aaron Williams,Associate Professor,Williams College,A5032232670,1043,19,35
Sunday Ngwobia,Assistant Professor,Wittenberg University,,,,
Theresa Wilson,Professor of Practice,Wittenberg University,,,,
Beau M. Christ,Associate Professor,Wofford College,,,,
Aaron L. Garrett,Associate Professor,Wofford College,,,,
Nicole Tobias,Assistant Professor,Wofford College,,,,
